# Resource object code (Python 3)
# Created by: object code
# Created by: The Resource Compiler for Qt version 6.8.1
# WARNING! All changes made in this file will be lost!

from PySide6 import QtCore

qt_resource_data = b"\
\x00\x00\x86\x1c\
\x00\
\x02\xb0:x\xda\x94\xbdK\x93\x1c9\x92&x\xee\xf9\
\x15v\x9aL\xca\x88O\xbe\xba*\xb3\x8fd\x04\x19$\
#\x82\x8c\x8c\x08&3\x99\xc2\x03\xdc\x1d\xe1\x86ps\
\x83\x13f\x88\x08\x8f[\xcb\x1e\xe6\xb0\xd3\x223\xb2#\
2\x97\x15\xd9\xae\xde\x19\xe9\x97\x94\xac\xcc\xf4l\x1f\xaa\
\xea\x16\x99\x87\xfd\x19\xf9OV\x15f\xe6n\xfa\x803\
K\xaa\x92$\xbe\x0fn\x0f\x18\xa0PU(\x14\x07\xa6\
\xb5\x0b\x1f6\x7fq\xee+\xfboN\x8d\xab\xcfl\xb8\
\xf2ae\xc3_<\xae\xa6qU<\x0e\xadk\xda\x7f\
s\xe0Wk\xdf :\x9b\xf90w\xbe\x06&\x98z\
aW\xb6\xdeG\x871\xe7c\xd3\xbaYq\x14]k\
B\xe6\x02U\xeb\x8bO/m\xed\xc3\xa3\xe2\xb9\x0f\xf5\
\x9ej\x17\xe6\xce\xafK_\xdb=u\xbe\xf33S5\
\x99\x0a\x1d8/\x9elT\xb0\xf8\xf1\xf1|\xeeZx\
\x1bS\xbd\xcf\xd5\x08\xe1\xdf\xef\xe1\x86\x9b6\xb9:O\
\xccl\xe9\xeaE\xff\x9c\xd9Z\xc14Y\x12[)K\
\xbe\x0e\xb3\xd26m0\xb9\x0a\xe7\xe5\xa6-W9\xf6\
\xa2\x0d\xf8t\xa37\xf9\xf55\x9b\xfdU\xf7\xb3\x1f\xf9\
qS\xfc\xdbb\xef{\xffy\xd5rt\xfa*\xbf\xe6\
\xedE\xc5\xfd\x97\xdcK*?\x1d\x8f\xa2\xa6\xf13\x07\
\xe3V\x1ba\xb1\xb51\x14]\xd9\xe1\xbfw\x1cv\xb4\
E\xf0\xb1\x9e\xef\x1d\x13O\xcc\xa22+\x93#\xeb9\
\x0c\xb7\x87\x7f\xa9\xb3\xfc\xb5\xcfQ\xc1\xb58T?2\
h\x9f@G\xdf\xc3\x1c\x86$\x93r\xf4\xb3*\xb6\xfb\
.\xbcO\xf2\xa4\x0a\xbf\xe6\xe9.6u\x0bc\xca\xdd\
\xdb}W\xfa\xce\xf9*O{\x9fm\xc2\x8d\xc9Q\xb6\
\xaa~\x1d\xd3\x8c(\x1f\xef}\x5c\xba\xcc\x0f\xfd-\xf4\
\xbc~\xe8\xbe\xa8AND\xac\x90\xa9\x1c\xb2\xdf\xe6\xc0\
4\xad\xa9m\x9b\xa3m\x052\xc8d\xc9\xcag)\x9c\
/\x9e\x9b\xb0\xceT(\xcdjjC\xe5\xea\x1c\xef]\
\xe6#\x1dT\xd0#\xe1\x91\xb3\xec\x8d\x9b\x950\x97e\
x?\x91\xc3\xaf\xff\x07\x9dOF`\xf1\xe3\x9bz\x16\
,L)v\xfe^\xd4\x90\x17\x0a\x9f\x9dl\x82\x9b\x91\
\xf9w/U\xcf,L\xd7u\xae\xa1}\xbd0\xb9/\
\xe4\xa1\x99j\x18\xfa._!\xdfX UZ\xb83\
N\xda\x99\x1a\xd0\xaf`\xdcm'#\x9cS\xf7\xb0>\
P\xb2\xcc\xea\x01\x07\x9b\xd54+\xcb\x0e\x9d\xa9\xfc\x22\
f\xc6\xf2\xa1\x8f\xd3\xca\x16y\x81\xd3W8\xb76\xd3\
\x09\xf2\xc2\x883\x0d\xa3N\xcd\xact9!s\x18\xab\
\x99[\xe5\x84\xcb\xd3\xc9\xd4\xdff\xa8\xab+;\xcb\x8d\
\xc1\xa7\x15p\xd0e\x8a\x8f\x0a\xc2m\xcd_U\xe9\xcc\
\x99\xda\x7f\xa4\xce\x9bup\x8b\xb2\xdd\xd3\xd6\xdb\xaa(\
6\xcd\xaf\xa8\x93\x1b\xf1]%_C\xb5\x8f\xf1\xf8%\
\x9a\x8f\xd6\xdaI\xc5\x8f\xd7\xcd\xf4oRc\x91\x13\xef\
O\xeb\xc6\xae\xb0\xc3\xfd*v4B\x9e\x862f~\
\x14q.s\xb9^\xfa\xcc\xcd\xe7\xb9\xfb=sW9\
\xa6\x8a\x0b[\xe5\x87\xe4\x9e9\xf8\x99\x07!\xb1\xcew\
\x98g\xc1\xd6\xb3r\x8f\xda\x7fdV\xb6\xca5\xe0Q\
\x85\xdd\x0b&\x8b\x156\xb5\xc9U\xf2\xb3\xa5\xad\x9b\xb5\
\xb3\x99\xc9\xf4\x08\xb0\xf9\xben\xbdoXH\xae\xe1d\
N\x8a\x1e\xc5\x0f\xb9N}\x14\xefKK\x95\xeb\x1d\xf9\
\xdc\xac\xe0\x85\xe7\xfb\xba\xd6sx\xa3iV{\x18\xd8\
&Gw\x0d\xba\x9f5\x7f\x06\xdd\x08>\xd7C\xf33\
?2\xcd\xbe\x19:\xdf\x8983~\x9c\x18\xe6\x9b\xc9\
\x02\xff\xd4\x7f\xfb1\x1d\xe9\xd8\xc0L\x98\x1bS\xc7v\
3\xf5&\xf7\xc0\x1a;z\xb4c\xdff\xfa\xe3\x89Y\
\x83\x0ag\xa1?\xef\xeb\x99'\xd6\xec\xd7\xfcO\xdc\x14\
\xfa&\xb5\xf6{\xcc\x13\x8d\xe6$;\xbeA'\xc93\
L[IHC/<@\x19\xc3{\xc4\x1f\xdc\xdbY\
\xa9SOA\x8dqM\x86|\xe6\xea:K^\x802\
\x9c%/\xed]\xab3\xaaR7\xe2\xdfB\x1f\x1d\xdb\
t\xa7\xa0\xb3f>\xe5)\x1aX\xd9\xb9\xed\x144V\
T\x1c\xf2,(CYr\xafas\x8aJ8\xceQ\
Y\xda\xcf\xb3\x83<\xb1\x9b\x1c\xd7\x1a\xb8\xf4\xde[\xdf\
\xdf\xfb\xc9\x85_\x87\xac\xc4=}q\xf8\x22\xc3\xb8\xda\
\x15\xa7\xdegd\xe3\x1e&6\xa8\x0bm$R\xfc\x88\
\xffZ\xbe\xd7\x18\xf5S'\x1a\xac\xff'\xfen\xcf\xbd\
\xa0\xc2\x85\xc9(n\xaf\xa7>\xd38[\x8d\xa2\xfas\
\xf8F\xa9\xd02\xbb$\xa3\xab\xe8J\xf8\x9e\xb9\xe55\
\xa8v`rTE\xf6\x82\x1a?~B0\xa6\xc3\xc7\
\xd5\xac\xae\xda>\x01\xf6\xfa\xc6\x86y\x9c\xfe*r\xf4\
ngv\x0eO\xb7g\xbe?\xb3a\x16\x9b&\xeb\xf3\
\xdc\xf7S7\x9b\xf9*K\xaeM\x96\xb1\xfb\xe6\xf33\
o\xdb0\xfa\x96g\xc1\xde8\x1f\xa1]ZP\x90\xa7\
\x91~\x81\xb3\xe0\xe7q\x86X!M\xcd\xb3\xc6T`\
\xbbeF\xef\xb9\x1d\xcc\xdc\xb9\x06\x06\x02f:\xc0\xb9\
E\x97p\xce\x9cA\xeb\xaa\xc9Q+w\xf7+\xa8\xc0\
\xf1}\x9dD\xab1\xbe@\xe9\xe7\xb6\xd9\xd7\x1b:\x7f\
\xe9\xaf\xe5\x1aA^\xb4n\xb6\xd4\x7f~aV\xeb\x9c\
\xee \xb9fL\xee\x15\xee\x17\xf0\x01ln|^\xd8\
\x0f\x11\xb4n\x97S/%?j\xae\x8b\xd2_\xe5\x14\
\x8e\x8b\xbc.rQ\xb9v\x8f+\xef\xc2\xc3\xcdr\x8f\
\x0b\xdcm\x00\x09\x1c4\x0c\x14\x07\xd0r\xb1\x8cS\xef\
\xfbq\x95=\xd3\xcb@~\xac\x19\xd7\x1e,\x87\xbd\xbd\
\xabS\xc3\xf6\xbc\xd9\x96\xdf{\x81\xb3\xdc\xc0W\x9c\xec\
\x82\xfc6\x1a\xb0\xb2\xda}\x17h\xf6\x93\xb9\xa6\x17\xf4\
x\x8a\x006B\xc7~1w{\xdb0\xaem\xb8q\
\x8d#_\x98\x5cg\xb3JFk\xc6\xdeP\xe9q#\
|\xcc9\x9b\xa9\x90\xb9D\xae)FU\xe47\xd9W\
/\xd3\xf4\x97f\x9as{\x5c\xa2\xba\x18C\xd6]\x94\
\xd6\xca\xb0\xeff^g\xcb\xef\xfb.\x97\xa5\xf5\x01\xb4\
\xd2\xbcn\x0f5\x02\xc8\xceL\xc7\xbc\x0c\x1e\x9e2{\
u\xe8\xf0\xeb\x5c\x97\xbc\x8c9\xa5\xf52\x86\xba5Y\
\x97\xc8\x9be\xac\xb2\xb6\xd6wf\x16a\x14\x1eT\xd6\
\xd4\xb9\xae\xf0\x9d\xa9nP+J~\xed\x8f* \xdf\
\x81-d\xf64\xe1w\xae\x8c6\xf7\x11\xf7\xb8\xb5:\
jn\x8a#\x93U\xdf\xf7y\xbc\xbes\xa1S\xb0t\
\x96/L\x8d\xa8x\x13\xef\xb3O\xfc\xb6\x04s-\xd7\
\xbao]=\xffu\xcc\xa8#\xbe\xf5~~\x9b\xff!\
ZIDC}\xcb\xc4<\x96[\x10\xc0\xbc\x0e`\x13\
\x1d\xcb(\xecoc\x80\x09\x08\xc7\xe4\xaf\xf1b~\xef\
L\x86\xf9\x01 \xe9\xb3\xa9Q\xd9\xf2i\xa1\xce\xe1\xaa\
H[t\xab\x10\x87.\xd8Y'\xea\xd4*\x01\xf4\xb7\
S\xd3t\xaf\xac\xd4\x180\xca\xf6k\x81\x1a\x8b\xabu\
\xf2\x8a\x88\xc2\xa0\x98S0\x0d\x01\xed\x22\x07e\xee\xe6\
\x07\xa5\xab\xe6\xc1\xd6\x9f4\xdd\x0b\xae\xf8\x9d\xba\xd7\xd6\
\x7f\x9ai\x90\x8e8U\xae\xa4\xb6\x8ez\xed\xe1_\xc5\
\x8fp\x03w\xed\xc3{\x9d%+\xe3\x0a?Z\x1a\x1e\
\xd8\xa3\x08?\xc8~\xab\x9eU\x9ei\xeb\x7f\xcb\xbex\
\xf2Ii?\xed\xb4g\x9c`4\xb6\xd3\xecT\x06~\
\x07\x9f_\xa7:cF\xe5Z\xb3\xb0Eg\xf0\xea|\
\xc8=K'iv\xcc\xe0\xb1\xfe\x8b\xc7a=L\x92\
\x03\xb6#\xb1;\x8eK\xa1`\x88[p\xc4o\x14\xe4\
(\xf8\xb8&\xd0\xd0/\x09(\xb1\xd4\xf3\xd9\xf5\x12&\
\x9f\xb5_mT\x99\xf1X\x80\xde1\xa6\xc8\xfdR\xf1\
3\xa5\x12)\x8fV\x0c\xe4\xcd\x14\xe4\x0e\xb4*\x87\xf2\
\x07\xdd\x10\xa2\xc5\x9e\xf9j\xc9\xa0#\x17*\xd9@\xac\
\x11;\xe7\xec\xa6\xd3xy\x0b\xa7\x1e+\x1f\xe5\xa5\xb9\
\xbfg\xf7\xda\xba\xad\xb6#n\xc4\x81\xb9\x05\xd7\x91\xcf\
\xac\xd4\xddB\xc5\xa7\xfd\x97x\xa4\x92\x87\xa6\x9eY\x95\
\x82)\xdc\x8eZyd\xd8\xcb\x17\xe9\x03\xa1\x88\xa2:\
b\xd3|\xd1\xab\xda\x1c\xbe\x0c\xce\x8f0\xbff\xefv\
nk\xe3\x9a\x06\x1f\x933~\xc6\xbf\xd4Nq\x13w\
\xbb(\xb72e\x04\xaeL%>Vv\xf8Q\x9bA\
\xe0\xf4M\xba~ /\xa2\xf6\x8f\xa4\x08lW\xad>\
\xc5b\xf3\x88\x85\x98\x1d\xf8\xaa2S\xdfk\xd7\x94{\
fM\x1bCZzM>i\x8d\x85G\xcc\xe1\xc5\x8f\
\xf8\xcf\x7f\xff>\xcf\x9f\x9b\xf5\x1ev\xac8d+\x0d\
\xe1:\xd9\x0ao][r\xbaw\xd2\xffx\xe1+\xcf\
9,\x15Pl|]\xdb\x8a\x91g0\xc4M\xf2\xd4\
(\x0d\x02o\xd3\xbdr\xecb\xab(\xbb\xebD\xeam\
\x11S\xa0n\xe0g\x89Fa\xe4\x83\x0d\xba\xbfz\xe3\
^\xaf\xd5\xb9\xce\xce\x1e\xbf\xd4\x8e\xfcb\xd2\xf7P\x5c\
R\xd6\xf0nms\xcc|\x9e\xfb\xc9\x96\xe8\xbe\xcc\x98\
\xfa\x22O}Y\xe4\xa9\xe1W,\xe2Q\xad\xc3\x9f\x86\
\x10\xfb~\xc8\x96\xe9\xd5:\xb2\x15\xbe\xcc\xbf\xd1o\x07\
\xea\x9dC_\xeb\x98\xfa\x9a<\x14.E\xa9,#\xbe\
\x9c<\xf70\xf6\xd3\x820\x81\xf5W\xcf?u\xfe\xa1\
\xbf\xca\x5c\xeb\xab\x8f\xff\xe2\x84>\xd5\x16O\xf6\xd8\x88\
\xf8\xcb\xdd-\xeak\xaf\x10\xe3\xfb\xfe&W\xf97\x99\
\x07\xfd\xed\xc7\xfb\xcaos\xd7\xfc\xed\xc7\xaeIb>\
\xf6V\xc8\xdf4\xcf\xf0\x86\x22\x84\xabG\xcc\xd7\x1f\x7f\
\xc9\xafs/\xf9u\xe6%\xbf\xfe\xf8;|\x9d}\x87\
o2\x17\xfd&\xfb\x8b\xbf\xca2\x8f\xa7\xaeu\xa4\xec\
Wv3\x06f3\xb0\x18M\xed\xba\x15\x18\x85H\x96\
#\xc5Q\xe77\x12\xf3\xb5\x86\xa1B\x14\xfc\x0a\xa6\xd1\
\xd9#\x9d?\x04+\x11\xd5IJ\xf7\x1f#\xff\xad\xb7\
UX;\x11|\xcf\xcf\x9e\x05\xdbVvo\x95\x8f1\
E\xe7\xf9V\xef~Q\xb9\xb9U\xae\xb0]<\xee,\
\x19B\xc5\xfaC\x1c\x03\x16\xfa\xaa\xa9S\x8c\xa1\x02\xa7\
E\x981~\xe5\xef,+?\xfc#\x01\xa0+\xc2\x0f\
\x9f\x98\xaas\x16i\x1c\x06[(x\xf2\x0b+8\x17\
\xa0\x03\xce\x9f\xb9\x87wj\xadF\xa2\x86\xaa\xe0\x17\xa5\
Y\x82\xdeA\x19?9\x88\xd3\xfc\x15#\xa8\xc5\x02(\
>+\x0e\xcc\xd44F0\x9fI|\xe1\x17\x9e\x95\x1f\
\xfe\x17\xaf\x90\xda\x8b\x82\xf5brD\x1f\xc6\x859o\
\xbdkcA?\x1c\x01K\x03\x83jN\x1e`ii\
\xcb\x1e_\x8cK\x951kZ\x0e\xe8R\x04%\x9d\xa2\
qN.R]\x19G\xeeR-\x0ctQ\x86\x043\
\xe5\xb5J\x7f\xcf\x10\x05\xa0\xb2\xa5\xaa\xec\x0a\xec\x05z\
\xff\xd5\xa2\x8br\x22\xe0\x1aC\xb6\x08B\xc5VE\xe6\
n\xb1\x0fCp\x9d~\xf6\x88\xe3`\x9aUqeM\
\x14D\x1fp+\xf0\x14Y\xcaQ\xd1\xe7\x11\x94#\x1d\
Q\xed\xe9\x86EG\x8e_\x98\xd9r\x1a[\x09\xf7\xfa\
\xb1 Js\xbb\xe2`j\x15\x15\xec[E4\xca\xe0\
\x1e\xe78\xce\x94\x1afT\x10\x9d\xc4\x0bt\x12k\xac\
\x13m\xd0+\xe9c4\x82=k\xae\xe8\xc8Y\xc9Q\
\xb1\x9a:\x0b\xc6)\x83H\xf7X\x95\xc1\x80\x15K\xa0\
\xb5\xc5\x09u\xba\x11\xb3\x05\x08pw\x85\xd3\xdf6\x1c\
\x8c\xb2\x18\x98L\x90M\xa0@\x8d\x81\xbc\xe3\xc0{A\
F\x9b\xa5\xe7V\x93\xad\x1d,\xbaY\x07s\xc9\xda\xa1\
\xb8,O\xd0\xc5\xb2\x8aT\xc4t!\xd4\x0c\xc1>>\
\x84f\x13\x0a\xec9\x5c\xad\x8c`\x1a\x13|\x89a\xc7\
\xa6\x85\xa9\x93J\xe4\x1az?\xbdB\xeb>\xc0\x9bw\
Q\xd0\x84\xb8q\xa4\xbc\x06\x0d\x03\x04\x05\x81\x1c\x1d\xf0\
\xe2+\xac\xd70\x87\xcdJ\x9c\x06\x87\x90dJ\x83\xe0\
kH\x83$\x91\xd6\xb5\xb5\x02\x8b\xb6\xeeq\xd9{\x91\
 \xb3v\x98\x95\xc5\x01z\xf5\xe9H\x07\xd8\xe0J \
F?\xa6\xf0\x90\xf1~\x86\xc9hE\x87\xfdh!\xe4\
\x08\x80\xe2\xe9fe\xeb\xd7\x8a\xcc\x093/z8\xaa\
k\xf4\xd7 \xccc\xc5\x10\x0e\xd0\xc1\x1f\xd6\xc5\x97\xbf\
\xfd\xfcs\x06\x89;\xad\x8b\xa7\xb3\xd2\x83Jt\xc7\xe1\
\xbbu\xe5\x03\xc6\xd20\xe2\xf5|\xd34t\xda@t\
U;\x06\x9d\x05\x90x\xbd\x15O\x19i\xe9<>?\
\xcb\x8d\xb8\xb06\xacX\x1c\xfa\xf5\xda\x09\xf4E=\xe7\
\xa0],\x1c\x13\x94\x08\xb2\x91\x13\x02/Nm\xc5\x10\
jF\x00ba$\x927hJ\xeb\x96\x9e\x22\x1a \
:t\xd3x\x10\x87\x0d\x83\xba\x95\x98\xa4q:\xaa4\
\xb6\x86\x0dO\x04`\xe0R(8\xd05)\xb6\xf2\xcd\
\x1a\xd7]\x09\xd8\xc0H\xbc!\xd3k\x1b\xd1\x8c\x18#\
qNJ\xec\xc5#\xe8| b\xe0s/\x82Y\xa1\
\x8f\x93\xb0\xad\x9fLY\xaf\x03\xacd2\xb1\x87\x8aO\
1\x00\x19\x9eq\xfe\x88\xb1\xc9\x1e\x199OG\xec\x8d\
k\xcc\x1c\xa6\xcb\x83h\x03\x9dzn\xcd=\xed\x12w\
\xf0i\xa7\x0ci\xa9\xd8\xd9x\x90\x0cR\xc2\xdf\xbb{\
\xb3\xbc%5\xef[;\xe3_\xf3\xc9\xe4YeZM\
=yb\x8a\xb7\x91\x94\xa7\xb8\xd0\xb0\x0d\x0f'\xd4v\
w\x1d79\xc4\xc6\xbb}\x9cb\xed\x0c;D\x93[\
X\xc2\xea5w\x04\x0d\xa5\xcd\xd7\x12O\xf2\xeb*\xef\
\xab5v\xa1\xd2Z\xb7\x06\xd7z\xb5'GG_i\
(8\xbf\xf6T\xc1\xee\xf7(RdM'\xe7\x1e\xa1\
W\x12\x1f\xcdU\xc6\x07\xc3\xa1@\xa5\x0d`w\xf4g\
\xd7\x86\x15kZ\xc6%[\x8a\xf8\xe2\xc4\xcd0\x8cJ\
\xe0\xdfFW\xb7\x9e\xa3\x17\xf6N\x80\xec&\x9e\xbe\xdb\
rnn\x08P\x81\x8c\xa9\x19r\xe59\xe2X\x19\x90\
\xa5a\xd8\x8a\x03\xec\x22\x95\xe7\x97\xa5\x8f\x0e\xaa\xaf/\
\x14m\xa9g\x0e<\xb5#{8EQ]\xb0\x01\x99\
\x18\xaeH\xf4\xf0\x19\xef\x01\x09\xd5T\xfb\x9e\xea]\xd3\
\x92\xe8c\x1f$\xf1\xfd\xa6\xd2/\x16\x19 \xca\xf7d\
\x02x\x82ZRI\x8c\x08\x1c\xde6x\x868^\x85\
\xda\x06\x1d\xe2V\x1c\xaa-\xfb\x22\xc3\xbe]\x0e\x06~\
\xb5\xa8 \x81\xf5Z\xd0\x13k\x8e\xd0\x17\xaeKV\xbe\
6\xecE\xae\x99V\xc5\xdd~\xa9<y\xb3\xb4\x18\xe2\
\xa3\xe0Q\xc3\xa9\x1a\x99\xa0\xb8\xa4=\xbc\x86I\x9f\xfd\
\xae\x01\xa1C\x11\xfeh0\xb9\xd2~\xcb\x1a)\x88\xa1\
\x16\x0c\x1bEajZ\x06\xe0~h\x0a\xb9\xaab\xb2\
\xaf\xdb4\xad@\x8a\xa5\xb9\xa5\xd4\xa9l\xe04Kd\
\xcb\xca\x91\xd5\x13B\x0b\xde2\xcc\xfa\xde\xe2\x18\xd3\xae\
\xe1\xfax\xecI\xc5N\xder\xda7\xef)aA\xec\
\x189\xc7$\x86\x09\xcf\xb0t\xfc\x0b{4\xacr\xc6\
\xfb\xc03\xe5|\x0c\xef\xfbY\xda\xf2\xac\xe0J\xf3'\
\x5ck\xfdD0;u\x0b\x8bo\x92\xe0\x13\xfd\xea\xf2\
Ku0s}\x0e\xf89L\xe0\xb6m5F:]\
\x06J\x13\xb5\x1d\xc3\xdd\x1dc\x9c\x7f\xd3\xc0GG\xe8\
\xa3i%\xaa<}pT\x04\x07v\xb1\x0d\x1f\x8fM\
qh\x9b&\xd2j\xcd\x14}kW\xd5\xc3\xbf^\xd3\
\xd7i\xe0\xae\xf8\xcdW\xb6\xe2\xb8c\xbd\xa0\xb1Mq\
\xee\xda\x95\x9b\xb1\x17j\xf0\xcd{g\xbcx/\xd6\xd5\
\xa0\x8b}:x\xc2\x1f\x09fX\x15\x91L\xbf\x19W\
\x12\x8a@A\xf8\xadi\xca\xb41MPY\xd5\xb2I\
\xcb\xb68\x9f)x\xbf$ \x99\x9c\xbe\x88{\x86\x95\
\xd5\x8f']\xe0\x8e\xa6\xb2$B\x11\x9d\x18\xe3&\x86\
\x1e\x82\x9a\xc0\xec\x02\xe24a\xb9c\xe4\x95\xfa\xdd\xea\
\x1c?\x0c\xca\xb3(_XX1\x1d\x88\xee\x17#.\
\xda\xed\xf7\x86NgM\xcb\x96\x90:\xbes\x08pX\
,\xaf\x0e\xa93\xfam\xbd\x0a\xd3\x8a\xea\x8aH\x1ao\
\xbeU\x88\xb5\xc0\x94{\xed|6\x9cak\xcb\x09;\
Q\x1e\xac\xdf\x06\xc7a!\xe4\x10\x9b\xb5\xe6\xc6\x8a\x97\
8\xeb]}\xe23\xa4\x9dB\x12U\xad\xe8D\xa9\x02\
q\x84\x17\x9f\x15\xcf&\xfbkF\xf9\xd9\xa5\x0f\xbb\x87\
\xa5\xe58\xceh\x22\x88\xed\xc6\x0e\xc1\xe0\xb2\x9a\x00\xdb\
.J\x87\xc3\xaa\x0bH\xe4I\xc9<\x1c\xf7\xa4\xe7'\
\xce\x84\xcb9\x04\xe1(\xbf6\xf3\xabo1\xd5\x85\xbe\
e\x9dx;E}h\x9a\xc9>\xed\xa2i\xf8s\xdb\
\x02\xd7(1^M#\xf0\xbe\x82hs\x12\x09\x18e\
\xd4\x00\x9a\xe9?\x8e\x97\x8b\x03\xd4n\xa7\xae\x1a3\xe8\
\xecq\x15o\x12e|\xfb\xe2I\xbc\xba\xf2\x02\x05i\
\x08B2J\x02\xc6\xc6U\x043C\x10\xd878\xc8\
;\x17\x1f\xef\xa0\xa6\x17Y\x0b\xb0\xd9\x90\x22\xb3\xbf\xdb\
\x87\xdfIi\xdb\x1aE\xda\x0e5\x19j\x96\xbe^\xb2\
\x07lM\xcd\x11\xcbM\xa5\xd6\xcd\x19\xe0Y\xb1\xe6e\
P:\x8a\xb3*:\xfa~\x18\xd1\xce^\xb9\x8d3\xc3\
\xae~K\xcd\xae\x0d\x13\x1e\xf7\xde\xb3\x99\xf2\x9e\x1bH\
0\x95\xe0FV\x0ee\x84\x1cPSQ\x994\x9d\x9d\
\xd6\xe4\xcbX\xb6.\xf9\xc4\xdak\xd6\xd1l\x85\xc9Q\
\xe8}\xc8\x02pJw\xd4M@\x0d\x87\xcf*C\x9b\
\x09A\x98!9\xe6o'O\xe0\x0f\x5c\xa8\x97\x8e\xa2\
\xc4\x0b\xa1\x09(*f\x96=l\xc5\x7f*\xdb\x94\xae\
\xcfb\x99\xda\xf5\x09`U\xa85\x0ce\xf2i\x99\xdb\
\x14\xcb\xf4\xf7\xc12\x1f\x94M\xd3\x22\xbdHC\xeeQ\
\x0a;\xd7\xcdh/t\xb3\x0d\xfa\x8d\xf9\xe7p\x0b\xdc\
\xf8B\x10f\xc7\xa2a\x8b\xf1\xcc\x14\xa3~%WO\
.L\xc3Lkh\xef\xd2\x89\xa1\xebjg|\x847\
\xa2]\x09`\xea\x88qa\xba\xa9\x7f\xfa\xaf\x14\x9a\x95\
\xa07\x04\x8a\xcdA.\xb2\x0f\x89\xa0\xe2\x07r\x8d\x0d\
\x5c\xc1q\xb7\xbcH\x9b\x11d\xf9\xc2R\x00\xb7\x0e@\
;\x1a\xf2Z\x95e\xe1\x08O\xd0\xd4\x90\xc2\x0eQ\xf2\
\xacU\xb4R\xc5\xf20\x12o\x8d\xc3\x98t\xee\x19\xf3\
\xf4\xf9\xe1r\x133\x99\x9b\xc9\x94F6<\xf1s\x5c\
\xe5\xe5\xc8\xc3\xef\x18\xb4\xd1\x03D\x9ex\xdbX\xf41\
]\xc1\xbb\x0a\x879\x8d\xfcx\x02\xb3\xef\x8d\xb6H\x08\
\x04\xbb(\xf4\xe20\x97\x88e\x10\xbdz\xcd>\x09\x00\
b|C\x91\xb4\xea\xc3\xffR\xac0_/\xa8\xef\x00\
\xe7\x05Z\xe6\xfe$\x8fK\xafk\x0ayMO\xf5~\
j\xe8\xc4\xe3\xfd\xea\xb6D{\x9b\xf4\xd7Nw\x14*\
*\xa8\xfadX>\xfc\xeb\xbe\xe6o\x1d\xf5b\xfb\x96\
\xf5\xf4\x04\xd4 \xaf\x15]\xdf\xc7\x14\xbf\xe2\xa3\x9c+\
}\xa4\xa2\xc0\xc7{V4\xa8\xf7\x1e\xf5y\xe9\x18'\
\xa0\xdb\xe2\xa0t+\xfa`\xb8\xc6+\xfc\x85=J\x8d\
\xe4-\xa8\xad`wl\x9fAL\xe0\x878\x8cAo\
\xbd\x97\xcc.q\x98\xe4r\xb7\x91FW\x82\xc5\xa0E\
P7\x82\x12\xc5-\x9e\x0e\xdc\x04\x09\xa6\xc4\x1b\x02\x95\
\xfd \xa1}\x12\x00A\x5c\x98[\x89\xf1l\x81\xb2\x15\
\xba}\x16\x12\x85yC>\xa8\x886\x06\x98}\x0f\xa2\
a\xf8M\xc1b\x95\x10JYD\x8a~'7\xe3\x14\
4\x98\x19-\xfe\xf47\x8c&\x81j\x00\xc0\x1c\xc7\xa1\
\xa5\x5ctL[\x87xYt\x95\xa0Y\xffak3\
Q\xb4mf\x0c\xb9w)6Q\x17\xba\xc1\x9a\xe5\x1c\
\x14\x1b\x86\xb5e\xd2\xd2\x83\x87O0Wn\x835\x98\
\xd2\x15\xc4t\x043\xf8\xbd\xe5\xb3g\x00\xe9\xd0\xa0)\
\x03\xe3\x97-\xe4\x84\xd8\x94\xb4#t\x88f\x0eb\xa0\
\xe15\x01f3\xe6x\xc1\xcbW\x14p\xb4\x0d\xb9u\
\xd2\x89\xa9\xc8!&\xfa\xe2\x82v\xcbX\x1a2\x14\x22\
\xeeW\xa75\xc84\x19\xab\xc94\xd2\x07\xa320V\
\xc0\x17\x97&\xb0Y(V\xc2\xe1\x02P\xf0T\xd8\xf6\
\x10\x1d#\x91\xcdp`e\xb5\xe8\xb9\xa0\xd8\x92?H\
\x8b\x06\x86\xeaM\x8b\xf7 z-C>\x8c\xcb\x9b{\
cjP\xcd\x19\x86\xa6\x9fE\x194\xbe\xd3\xc1\xa4O\
\x0a\xa4\xb9\x1fD\x1ch\x028b\x89\x9f\x0e\x00\xccD\
E/\x03\x0fC\x9f\x07\xa0\x96\xf8k\x0f\xcc\x9cE\xb2\
%\xe4\x9e\xde\xabdS\xff\x01n\xcfJ\xeb(T-\
\x07\xfc\x8e\xfe\xf2\x9a\x17\x8b\xef@\x91\xb455@\x0f\
\xd8\xea-\x94\xe9Z\x5c\xaa \x84\x09\xa0q\xfb\xb5L\
-\x181\xa7t\xf0%\x18\xa1\xf5\x82\x11\xb8\x1a\xdc\x94\
\x14\xb2S\xe6\xae\x00\x0cS\xaa\xd5\x0c\xa2j\x0aj\xca\
\xce\xaf\xd9\xefZ\xfa\xb1\xd8J\xef\x81Y\xa1qA/\
\xb3R\x116Gt _\x18\xebP\xda\xb9\x0f\xf8\xd5\
\xc0\xa8\x9a{\x86\x80bh\xb9\xe4\x05\xdc\xceXE\xd0\
\x0f\x97\xb4c\xd5\xadA\x7f\xbae /;\xfc\xf8\x0c\
#..\x00\x22m\xe05\xad\x0fs\x8f\xb9\x13\x90\xaf\
X\x0f\x0d\xf3\xe4\x94\xd70f\xc0\x1f\xa4\x85E\xf6U\
C\xbdau\xa0Rih3\x04\xdc\x0dL\x90\xc6\xb0\
\xbe\xd0\xccp\xa4\xb2g\x030\xb0j\xe8\xccb\x8d\xd5\
8\xcf\xcb\xc5\xe9\xe5\xe4\xab\xcf)\xda\xb2b\xca3\xcc\
\xb0`X\xffc\xc3\xef\xc6\xb0\x0f|c>DW\x97\
\x14\xbcc\x0b\xf7\x80\xb8;\xd2\x0b\xa6\x9dG5\xc04\
&\xa5\x9a\x9d\x83f\xcb\xed\x97>\xf5\xb1@X\x9d\x0a\
\xb3\xec1\xc8\xb12\xe7\xbdP\x82;\xf4\xd4P{\xa1\
C_O+\xb70\xad\xac\xde\xe7\xa8\x12\xb8\x9c\xa3;\
\x1c\xf3\x91\xd0(\x81\x9f\xfe\xa3\xe5\xbfo\x9d\x88\xb3\xea\
Q\xa5\x81\x86\x1c\xcf\x12e\x86\xeb\x81E]\x9dxE\
;\x88\xde\x1d\x97f\x02\x83\x16\x93\x19\xdd\x0dp`\x83\
Y\x0dY`\x09\x0e\x9a0\xff\xb24|\xed\xe1?\xd8\
\x9b\x05q=\x1c\x94\x9f8Z6\x13\xf8\x8f\x22SZ\
\x9cq\xde\xd5\x0dQ\xb7\x01Z~2\xa3\xd1P\x88)\
\x90e\xf3\x14@%\x03*\xbbr\x1c\x22\x0b\xa2\x08\xac\
h\xc0\xb1\x16\xcb?l\x82\xe7\x0b\xac\xbbT\xdc\x14\xa4\
\xbe/\x04\x16\xbc\x5c\xe4PGe0\xa2\xc4k\x90\x92\
S\xf02\xed\xfb\x09\xa1a\xca\x88\xddo(\xb0f\xc5\
\x15\xda~\x98\xa9\x8b\xe1\xd1\xb1\xf6\x09\x86\xae\xf7&\xa8\
\xe6O\x89[\xf9\xd9\xd7\xc6\xc5\xec\x19\xc3\x9a%\xff\xb2\
-o\xe3\x08\x963o\xab{\xef\xc8<P\x82\xe2\xce\
\xfa\x03\x1b\xa0\xa5\xa5\x11\xff\x08\xd0\x8b\xe2\xe2\x10\xbfF\
p+\xf6\x16n\xe6\xe9`.\xdd\x15\xbc*\x83\x96\xf1\
\x1e\xd3\xb6P7\xd9(e\xc2w\x1e\xe6\xd5\x86q\x18\
p/\x1c\x0f\xe8\x0b\x98\xb2\xab\xac\xd0\x14\xe7\x95\xf8\xe5\
V-\xfb\x15(|Vl\xc4\x1ap\xb1%eK\x08\
g\xc1\xc0\x1c\xba\xb6x\x175\xa2\xf7\x16dn%\xc4\
\xcf\x80KG\xc2@\x09\x09\xda\xe3\xa2ct0\x97\xac\
\x03lAi+q\x01]}\xae\x13\xfd\x1el\x19u\
\x80USt /\xfd\x0a\xffS\x18\xb1\xe8v\xc0l\
\xd0T\xd6f\xa2\xd2)\x9d\x11\xa0\x87\xdf\x1b\xa5\x1a\xfb\
i\x8b\x83\xafP\xd6T\xb6\xdc\x05\xaa\x5cL\x91\xeb8\
63\x00\x98\xf2J\x88\xaa\xc1\xdcX~\x01\x5c-,\
}\xc30\x1a\xfe\x02\x88\x8dL\x08c\xce\x98'~#\
0\xad]\x10\x17\xcb\x92\x00\xd7\x0b\xea\x95<H\x99\x93\
\xa5\x10\x07\xd4\x88\x98\x9a\x04\xb3\x0b\x06\x0b\xf3U\x1b\xe7\
\xce\x06\xa6\xeb\x03\xb7\xb0\x8d\x11\xa03\xbc=\xc2\x92?\
Rc\xda{\x02\xe1\xb6V\x01\xa0j\xd0\x99E\x96\xf5\
8\xca\xba\x0c\xbb\xc7\x0e\xdeU\xd2b\x19v\xec\xe5&\
\xd9%\x9cC\xa3\x97?SL\x9f\x9dB\xa0B\xd1\xf6\
\x8c\xb5c\xdf'\x8ay\xc4u\xb3\x0d\x15\xe5\xa0\xd4\x85\
\x94zV\x0aK\x97T\xa3\x15\x87\x9a\x86^ \xe0\x9a\
N\x7f\x22\x01!\x1a6\x97\x02@\xd5*\xcc\xcfe(\
P\x1a\x05\xb1\x12).mlE\xf3\xba\x96\xae\x86\xcb\
=?`\x933w8 k)F\x01\x5c\x8bjk\
\xa6\xde \xc4\x04N\x0fu\x93?\xab\x0cS\x22<\x0e\
\x03\xf92\xfd\xf6\x5c\x91O\xd1K\xf9He\xd0\x1f\xa8\
3\xc9G\x97\xbc!:\xdf\xbb2u\xb2\xdb\xad\xa9Q\
\xaf\xa7\x8a\xf6?\x90\x8a\x010P\x8a\x84I\x94\xa8\xec\
k\x89\xd0 \xc1\x1e\xe4\xd7b\xf2\x14\x90\xc6\x10\x7f\xe7\
A\xf5\xf0\xb7\x12\xc3\xf8\x84\x94tFt\xfa-\xc5\xe7\
\xbd-q\x8c\x99\xda\x1e\xfe\x9e\xdd\xf7\xc6\xce\x5c\xcd!\
\xf6\xb47\xa0\xa7\x08sc{R\x8c\x007\xe8\xd8\xa6\
\x1e\xcaD\xf0~\x09HK\xf5\x13\xc4D\xb7\x02\xc8\xdf\
\x88jl\xfa\xe8 \xc7[\x15@.\xea\xb7\xa0|@\
\xd1\xa47\xee\x86\xba\x14\x00R\xeer[t{\x81\xa4\
aZ\x99\x8d6F7R\x99A\xf0\xf5\x8c\xef\xc1H\
\xf0\x99\xa7-b\xaf\xe8\xe5\xec\x8d\xc5\xe5y\xeen?\
\xa80\xe3n\x9f\xaem\x0c\xb3}\x07\x1d F\xb8_\
\xb0r\x9c\x17\x83\x11\xc4\x97*\x0e\x1e\xfe't\xaf1\
\xe0'']\xb2\xbd16\xa5\xbeN?\xa5\xfeH\xa1\
\x01\xc07nfl[\x1c\xe6Nrs\xe9\x85\x80\x91\
\x1c0a\x0e\xbd\xa2\xf0\xb5\x01\xc2\xf4{@0\x81\x1d\
\xf9l]\x94#\xdfz4\xc0\xe2\xdb\xf5\xb8\xbeEj\
`\xf9\xb8\xeca\xd0\x10\x1b\x09\xb3^\x00`\xc9\xcbE\
J\x83E\xd1\x85\x11*L:\xfc\x88\x01L\xb7\xf05\
\xbbx\xad4\xaf\x88t\xea!~7\x10\xe3\x13\xb6N\
5B\xb5\x00\xaf1\xad\xba\xcd;>X\xf1\x22i\xca\
\xb86\x0a\xc8\x86\xe1vvQA5\x9avDg\x9f\
y\xaa\xacg\x8d\x18\xe9\xa7\x1eq\xb2\x0f\x0d\x94\x94\xed\
;N\x89w\x1b\xb1\xf9\xd6\x9bf\x02\x0c\xc7,\x8d'\
\x1c1\xd2\x5c\xd9r4x\xad\xc3\xc16\xde\x08P\xeb\
\x11\xbbt\x0a\x8fT.\xdb\xee}O1\xfa\xbb\xee\xef\
Gj\x86\x80\x8eZ\xfb\xd0\xd2\xc8\xb2\x0eoY\xb4f\
\x8f\xb2\xddn\x09\xc5$\xf4>\x14\xfe\xaax\x81\x1e\x19\
K\xbd\xb8~-~\xb3f\x0e~\x8f\xca\x9a\xd2;\xe8\
\xfd\xb7\x87\x96Q\xd4\xb0bU\x5c\x88\xae\x04v\x0e\xfb\
\xd5\xdc\xb3I\xce'\xbf9C\xf8\x83\x83\x91\x10X\xf3\
\x86\xda\xac\x98\xcb\x09\xebhX+\x80\xe2\xd33\xcc\xdd\
\xd1>\x12\x8c\xac\xcb\xfaR\xa8}q(\x90\xd3(\xab\
\xad-\xd5\x05\x10c\xadQGZf\xd7\xe0\xd5\xd7\x94\
\xc7-6\xf4\x02\xe9\x88\xb8l\x96\x8c\xf1\x11r\x198\
\xd3\x97G\x15\x94\xee|\xcb\xe3e\x01\x9a\xb2\xe9\x02L\
u\xf2\xf0\xc1\xb6\xa6\x16\x0b\x9a[\x94\xdc\x1eT\xda\x8a\
*`\xa9\x87T JQ\x97P\x89F0\x9dMI\
\x9b\x14@\xde\xb1\x82\x87\x0b(\x08\xfb\xdd\xed\xbcx\xe5\
\x1d\xedk\xe9\x84=\x06\xb0\xa5\xe7\x83pKb\x02\x0e\
\xc2\xa6{`\xd0q\xc6\xf0\xc5\xe4\x1b\xb2B\xd3\x98\xa5\
!1\x9e\x07\xd10;1\x9fD(Q\xb4.\xdd#\
+v\x88#\xc0~\xc1\x8c\xc8\xf8\xf0{\x06\xc00F\
\x19D\xb1\xc0\xea\xdc\xf0\x1a\x15\xbb\x0a]\x90\x89T2\
@\xfb\xce\x18\xc0L\xfc\x87?\xad\xa6\x0f\x7f\xfa\xf9\xff\
\x22\x95\xea\xc8\xde\x85=U\xa0A<\x00`\xc6rq\
`\xc1\xb8\xca\x06\xe6\xa8yH\x96\x0e\x9f\x927\xacD\
\xb3\x12t\x80\x97u\x1a\x81\xf0\xcbN=\xff]\xca\x15\
?F\xdeM\xbe\xf8\xfc\x8b1p\x8f\xfdf\x04\x1cN\
~3\xeeW\x87\xbf\xa1E\xc3\xf7B\x1c\x1a\xbb\xb0\xe4\
A\x10a\xc0\x15-\xd1\xa2\x92\xda\x01@\xf2\x05\x0eY\
\x04@*\x97\x04\xb8\xb6\xc1P\xa4\x22\xfa\xe1\xa1\x81\xa1\
\x17\x8b\xe71\xad),cU\x09K\xe8P,\xa9\x1d\
\xa6\x14bc\x09\xfa\xd3\x7fz\xf8[\xc0~\xf9\xc3\xdf\
GV\xef\xd5\x22n\x88@\xe9\xaa\x22\xfc\xcb\x1f\xffC\
\xcbk\x93\x80\x89\xbej\xf9\xcb\x1f\xffw\x81^\x9a\x15\
\xfb- \xc5ei\xd6\xc5I\x9ci\xd5\x81\xfc\xe5\x0f\
\xbf\x07\xfa\x97?\xfe\xf7\x19\xff-\xf4\xd8R\xfeHG\
\x7f\xf9\xe3?\xf2\x9fcV!\xad\xe2\xbf\x14O\x1e\xfe\
\x96V\x9e\xd9\xe2\xd3K\xb3~\xc4\xd1@\x81\x86~%\
\x9a\xae\xe5\x90,\x09\x1db\x18\x91]\x1a\x0e\xc5%\xc7\
\xa6>\x0aH n\xc3\xfaP\xe0]\xbb5\xc5Q\xe5\
oh\xd7C\x93\xbbq5\xfd\xa27\xec\xb1oc\xa0\
\xef%E\xc4\xa15\xf6\x9a.\xf8\x1c\xa2>M\xba\xa4\
%c\xc5\x96dC\xcd\xa1\xadH\x88\x14\x94\x03U\x9b\
\x0fA\xddaw \x0dj\x03\xb4\xe7\xd22\x08\x1a\xaf\
\xa4WiL\xe7\xe7\xa55\x9b\x19]\xf8\xeb\x91\xe2\xb3\
\xadhT\x0c\x84\xa1\x12\xd3\x08\x06\x98\xfb\xc2\x07|\xcf\
\x95F\xfb\xb8~\xc5}\xb3\x1b\x90\xc4.\xd3C\xd6\xda\
P4K\x06\x10\xd7\xf9a\x19\xe2\xda\xcc\x0b\x90\xc3\x13\
PS\xcc\x84\x5c\x8d\xd4t&\x9d\x16)\xc3\x8f\x87\x14\
\x91;\xb78\xbc\xd6\xa9th\x1f\x82nO\x93O\x1c\
\xbaY+l\x90C\xba\xf3\xe50\xd9\x80\x1b\xd4&(\
\xba\xb0\xc1\xcd\xbd\xa7\xe05\x82\x91btu\xeb\xd0-\
\x5ck\x14Q\xda\xe3zx\xea\xc0\xa6\x9c[\xfd\xfeI\
\x95Ww\xb5\x1d\xbak\x13\xec\x9c>+Lb\xf7\xf4\
E+\x076$<\xfe\x92\xa2l\x80\xfc\xf4\x9fRR\
\x97\xf8\xcb\x1f\xffs+\xe0W?\xfdoD\xf6\xa6\x5c\
\xdcf\x06\xffQ\xb4,\xce(Bm\x9fC\xb7\xae\xe8\
7\xc1\xc3\xd8\xd8wif\xb8\xb5g]\xba.}\x7f\
\x97y\x94\xc6,A\xa5\xa5p\x5c\x02\x08\xb5\xd8\x9e\xc0\
CwcD\xb9\x90\x09[:\x9cFW\x1f\xba{\xd2\
S_\x92Bq\xea\xee\x04P\xfcxja4\xb9\xbb\
\xf1\x8e\xe1\xc3kK7\xdb!@\xcb>\xd2\xf1tM\
\xf3,b\x99\xfe \xd6\x13\xfcc\x8c\xad\xeeh)\xb3\
G\xea\x10\x0c!\xf8?\x1dj~Z\x81\xde\xd00\xc8\
\xd22\xf5\xec\x02@\x05\xbb\xb7s[\xdd\xd3\xf7\xf0L\
p`\x99]\x85\xe97\xfe\x9a^\x94\x09\x1a_\xc1d\
\x8aB\xa0\xe1(\x7f:\xa2\x1d\x1fb\x9c\xdd\x92\x01\xec\
\xc6B\xe5\xf1+V\xaek\xfal\xbc\xd8xPr\xfe\
\xbf\xffR\xd3;\xd7\xf7\x00\x7fr\xe4\x19\xecA\xc8\xd0\
'\x82\xe9\xa6.\xde\xb4\xa6\x99\x5c\x1a\x07\xfa\x19\x09k\
\x06Z\xce\x9b\xbe)\xd7\xb1b\xf5:\x8c\x81\xd4\xdb\x80\
1\x00s\x1f\x99\xbc\x05\x90\xb5Q\x8a\x14`NC}\
\xb7\xc1\xf8\xf0\xf2\x1f\xc7\xc7k\xbf\xcfT\xfa\xac\x189\
\xb2>\xdb%b\x1e\xffV\xff)um\x8d\xc2\x19\x8a\
\xed\xf1\xd2\x92\xe7\x8e\x9b\x1ef\xbe\xdf\x1e}\xa5n2\
\xe9I\xb9\x16\xb0=\x97]\xce\xb4\xbb\x13\xdbu47\
-\xecj(0XY\x0a\x98\xceW\x91x\xe7\xe0\xa0\
\x81\xd8=%\xdc\x87\x09O\xc7\xa9H\x07\x1fp\x0f\x7f\
oxu\xe8DK\x81\xac>\xe1\xfdj5A\x98a\
\xa2\xb3\xd5Z\x97\x0cS\xb3\xb4\xec\xcb5M\xfd\xc9\x02\
\xea\xd3\x01E\xfd#\x87 \xf9p\xd9aAs\x07\x22\
\xbc\xa1o\x01j\xd2\xc6\x92\x87\x03\x8b\xaa\xb2lra\
\xeb\xfe<\x7fB*\x93o\xc5\xec8L\x1e\xf5i\xda\
\xc2\xf5\x88\xc3i\x8b\x04\xff\xad\xa6\x0c \xfc\xcc\xd1\xf8\
\x98\x04\x9ex\xbf\xe6\x98\x5c@Op\x7f\xee\xa8\xb8D\
f\xb2`T.\xc5F\x97\x1bK,\xce\xf6)\xb3\x94\
}\xfdJ2\xad\x0e\xe2\xc9G;\x94/~'\xf4\x12\
$\xc5\x82\xae\xa0#\xce\x87-W\xc8\xd2a\x87\x9f\xf6\
y\xa6\x1fI\x86/\x86\xf7\xb0\x96\xc0\xa4\xa7.jP\
\xc34\x1c\x0fO\x94\xf8\x9e6\xccf\x1d\xe9H\xbd\x85\
\x1b\xd6\x8c\x9b\xe2\x05\x09\x0b?\x8c\xd3\xdc\xe7\x05F8\
)\x01\xa4\xba|\x9c\xae\xe8P\x8d\xd3`?\xc0GQ\
\x92\x8f\x1d\xe2\x99\x8b\x18\x91O1\xb96w\x18\x99B\
\x1a\x17\x0b\xc7\xcbr\x8bJ\x82\xe9\xd3\x964\xec\x1e\x03\
\xd5\x14\x15Ad,Q\x02\xda\x12\xd4\xf2\x17\x02\x9d\x86\
\xc9{!\xbb@\x1b\x9bSe\x8c%\x19\xc02\x97m\
\x08\xd1\x80\x1a\x800\xca\xd4\xb2+\xb1+c\xa6U\x18\
\xdd\xb1Y\xd3\x9d\x11\xc8@\x97\xe6\x0apD\xc3\x96\xb6\
l\x83\xf7\xa5\xd23\xb2A\x83\x11\x92\x15h\xa9\x15m\
\xa0\xef'\xbf\xa1\xc5\xafG\xc5\xa7EJ\x5c\xc9f\xee\
\x1eU\xa6\x94\x81\xe1\xeb\x0e=\xce{L\x0f3k\xb9\
Ge.\x8e\xa7\x13j\xda=\x9d\xa8O\x97M\xb69\
0\xe2\xe9&\xfa\xd3M\xd4\xa7\x03C\xc3Np'\xaf\
\xb2w\xfb)\xd91\x05%\xf2\xb8\xb3\xd2\x12\xc73&\
\xd9eE\xae\xbe$Ln.D\xb8b\xbb\x1d\x94\x94\
\xbdO\xe7\x86z\x8f\xe4\x0c\xd4#\x19i2\xb0RJ\
=],\xfa\x84\xfe\x04\xdc\xac[\xdc7\xa8\x85\xbdm\
I6\x8fnq\xd1\xfe\x03\xa1\xba\xf5\xb7\xec\xee\xf0R\
\x95\xbdu5\xd7\xd6\xb6\xa4P\x97\x9e\x96a\xec\x12x\
\xbad\xd9\xb0\x13@\xee\x93\xa6\x103\xa8\xba\xddA\xdf\
\xfc\x1b\x0e\xa7\x87\xe4\x0f\xc1\xd8VQ\xb2\xe0\x8eNX\
\x11i$F\x1c]\x86\x1f\x11\xb9\xf4z\xb9\x93[\x08\
\xfe\x91\x9fQ\xc5}G\xf1-\xec#Fl\xc0\xder\
|\x03\xca\x8e\xe8\xe2b\xad\xca)\xc3|\xe0\xb8=;\
\x224\x83gG3\xfdbG\xc8\x09f\xcb\x89\x08\x84\
\x1d\xc3\xfb\xf5\x96\xc8\x1e]\xb2;pF\x8ds\xc9\x9f\
G\xc3\x18m\xe0\x0e5\xb4\xe0SN\xd2\x81:\x22\xd7\
9\xbc\x11\x81j[\xfae\x5ch\xf0\xb1\xd8\xfe\xb7\xa3\
\xec\x86\xef@\xdbq~\xc5\xe6\xda\x11\x15\xd4\xcb\x9d\x18\
\xcc2\x8e\xa7_\xe7\xdb\xed\x14w\xf0\xe5\xbb\xe2\xa9\xc8\
\x8f\xba\xa5X\xdc\xfa\x0egN_z l\x96\x18\xd2\
\xdb\x15\xddy\xf1\xef\xf7T\xfcx\x8d\xedq\xb4j\xa5\
s\xdb\xf8\xe4\x8f\xdb\xd3.t\x9b\xfe\x08\x96\xbe\xff\x11\
y\xaf\xc2\xd9{\xe8g\xed\xecx\xb6[fKt\x16\
q\xfe\x87J4\xce\x88\x13j\xc6\x96\x8az\xb7\xcc8\
4\xb6|:\xf4YO\xb1\xb0\xab\xb3=\xeaYg3\
\x9dL\xceX\x03#r\x1c\xf4\x07|Nr\x07,\x09\
\xfei\xbd\x00I\xba\xff\x1a\x996\x1e\xd5P\x85\xc3\x88\
\xd7{\xbd\x9f\x0c\x87\x7fK\xaa\xce\x04\xdb\x8fh\xb9\xe1\
qD\x1e\xda\x1b\xb6\xf9gLJ\xab\x95\xb1\x99\x1f\xe6\
Z\xa2\xce\xb6Ab\x982\xb9ct\xb7\x91^!+\
\xd6S\xc5NF\xe5Z\x92\xc7m\x8c(]R%J\
W\xc1F\xbc\xfeU\xebNDd\x08\xee\x18\x18q\xb9\
Q\x99\xc8\x8f\x8e\xafT+\x9d\x0e\xfa\x91J\xea\xdd\xd9\
\xa4G\x15hb\x06?]\xd1w\x83\xee\x0bw*\xbe\
\xfa\xe2\xf3\xe2M\xed\xe8\xe9\x0bOO\xdf\xd0\x92\x18\x8f\
\x00\x81\x16\x8e[\x09\x8b/\xc78\x9e\xb1\xdc\x1d\xdeK\
\xc0>\xb9\x98\xd0.j<\xca\xd9\xcd\x1d\xc5<\x9b+\
kb\xeeB1,\xf8\xca\x19\xc8\x83\xca5\xa5\x9e\xa2\
t \xe5\xed;\x9cw\xf4\x1a\xa6\x18\xf7\xa1x|q\
^|\xf19!\xda\xa65qJ\xbeO}\xe3\xe0C\
\xf4\x87\x0do\x8f\xa7\x1e\xd7X\x8b\xcd\xde\x00\x09q\xda\
CE\xda\x1cN^?\x90\xec\xe1O\xc3\xd2\xd6\xcc\x18\
kf\xb8\x0d\x98\xbcr\x13\xcc5)\xb7\xaeb\xc1z\
O\xdb2?\x5c\x14_\xf6\xd3\x1b\xf2\x9d\xde\x8e\xcfU\
I\xb9U\x1b\xb6\xa1\xe1\x99\xf9\xc4\xb44g\xca3C\
\x1c\x13\xcf\xcc\x02:Q\x81\x07\xf7,$\xdep\xa4\xa5\
u\x1c(\x0a0\xb7iXqp\xfaB\xc5_\xbc\xa0\
x\xd5X~\xd9\x0aSHR\xbf\xed3\x13\xae\x1c\x89\
R\xef\x11!\x87\x9e\x99{\x9c\xf6\x84\x90\xe1'\xed\xee\
=@wL&\xbd\x8a\x0d\xbf\x1e}i\x16\x91\x88\xf5\
-\x9e\x0e\x9d\xd6~\xd2\xa9_\x12\xbfH9\x03f|\
S@\xcf^\xc2\x94\xa5p\x01\x9f\x1aw\x8e=\x87\xa6\
\xed\x13!\x89\x0a\xa4\x11J\x12a\xf5\xac|\xf8;R\
&\xfbv\x85\x91\xd2\x01[[\x80\xbc\x85\xb3\x95\xdc\xbe\
\xf7\xcc]YV\xe4\x06=`\x81\xd6\xa1\xfe\xedg\xae\
\xdbBaUX\xc6\x83\xf5\x84\xb8KB\xb9\xfc\xe9a\
\xd1U\x06x\xc6\xd2\xb0\xf7\xc4Em\xd6\xf4\x9e\x9e\xb6\
\xe2z\xad,9=\x83\xde*\x8d\xa8g\xb8\xde\x1dj\
G\xef\x7fcs\xc7\x8f>\xab\xcc\x94\xdd\xae2\x0b\xeb\
i\x16\x02\xc0@ \xce\x94\x13\xea\x80\x81w\x10\x9d3\
\xa1\xac\xde\x9a\x85\x85\xa0\x83K\xf3\xb4\x01\x1e[G\xd7\
u;\x8c\xb6*t\xe1\x92\xd6\xb1w\x18\xe2A\x87C\
\xe5\xb0=\xe8\x0f\xbb6\xa2\x98_\x94t\xb3\x1f@\xd7\
\xf4\xb1<\xe8\xf9t\xa3/`\xf4\x9b`\x99\xf4\xd8*\
\xc2\x07>\xc23\x0c\x0d\xbdX\x5c\x18f\x15\xa8\x19\xaa\
\x13H\x1b2:\x0e\x88\x06\x04m\x97\xb5\x02\xeb;X\
\x96;\xf8zxp\xdb\xa8\x14]\xcc\xe8\xe1.\x9c]\
!\x8e*\xfd\x07\xca>\xbf\x9e\x11\x9b\xfcz\xfc\xad\xf7\
s\x09\xcf?1+\x1fis<\xfc\x11OKR\x08\
\xfcA\xbf^%\xf0N\xa9\xcd\xc0\x8d\x82K\xd331\
\x12\x85\x8e\xc5>\xa9\xaf\x96\x5cK\x7f\x86\xe3\x98tH\
\xef[}&O\xccE\x0b\x0f\xd6H\xd4\xaf\xd8\x86\xcf\
\x84\xab^Jd\xe6\x96\x0d3\xc0\xd6\xc9\x8d\xc8\x074\
\x10\xd0\xa7\xd8-\x03 \x5c\xd6i\x17\xc5`$\xa1p\
\x03\x1c\xb2R\x09\xb8V\xeaw\xcf\x82)\x9e\xd1A\x8a\
;\x86\x85t\x0e\x06\x06\x80\xfc\x12\xb8.\x9a\x5c:\x0d\
E\xfb\x10\x02\xcd\xccK,\xf3\xe0\x22\xd6\xb4\x9b\x8a]\
\x1b\xb7ji\xb9\xacz\x8a\x7f\xf0\x1ee]#\xf4\x8b\
\x9b\x96=b\xe7\xaa\x13\xcd\xb4#\x1a\xf5\x07\xb2\x01s\
N?d\xe8%\xdc\x0c\x97~d\xdb:\x1c\xea\xd2\x82\
\x01\xa2\xd3Z\xa9\xf2\x15\x14Y\x1bP\xf1s\xf4\xeet\
\xd1\xedYJlG\x80k\x0e,\xdd\x8aF\xcc<\x8b\
\x95\xa3Uh\x12\x10,\xcb\xbe\x82`I\x00x\x96\x0d\
\xfd]\xeb\xef\x0d\xbd\x93\xa2\x8f!&\x9b\x15Q\xc5&\
F|rK\xe2\xaa\x9f\xdd\xc9\xb5\xd3#\xcd\xc5|\x84\
\xa7\xed\x19\x02\xcc\xaf--Gj9\x1e\x99\xab+2\
i\x1c\x99\xc5\x9cV\xa0)\xf1\x8f\xd8\x81\xbe\xa9\x5c<\
\xb7,\xca\xa9\x8314\xc0\x13\x14\x04@\xc5\x80\x94x\
\x8d\xde\xa2\xc2\x08!\xfaf+\xc3})GLkH\
e\x22\xe2\x12\x12\xe6\xfcG\xc4d=\xc2\xc4\x02dX\
\x1e\xc1\x8c|K/\x0c\xdd\x85\x1e\x11z\xa4\x94]\xe0\
\xc8\xd2/\xa2\xa3\xd8\xb5\xb5\xbc\x9aR\xeb\x9eU\xb9\x7f\
\xf8\x1d\x01<\xb1\x13\x8f0;B\xa4\xcd\x05o\x0d\xca\
\xbao,C=}\xd3\x80\xbaF\xe4P\xcd\xbepp\
W\xb1\xd6 >f\x00_V6-m\x89\x10\xa5\xa3\
\xa4\x93\x12\xa0a\xdf\xaf5\xf4bm\xc9\x01\xda\x99n\
X_\xda\x18\xb6/\x02 \xd6\x99\xefy\xa7\xb1\x8e$\
z\x03\x85\xaca\xb3\xf2\x91M\x9f\x9f!\xf4\xdd\x06\xdb\
\x8de\x04\x01|\xb1\xf0\x0c\x12+\x04G6\xac\xe4\xd1\
\xbbG\xb6\x81\x99<\xf8k\xbbl\x19\xcc.\xd8\x96\xf1\
\xc6\xcc7\xb4\xadJ>N1\x1f\x14\xaf\x22\x80\x0d(\
\xceK\x02\xb9k\x0e\x80\x80\xa7\x8dZ\xc2\xfb\x04\x12\xc8\
\xdcA\xa4_\xb9\xb9\xd90\x80tzwuE\xc7\xa5\
#\x03\xec\xa7\xbf\xfb\xe9\x9f\xe9\x88s q\xe8\x15Z\
&l\x5c{\xcd\xca\xf4\x06<\xc3\xc6\x91\xbb_\x91\x1f\
TT\x90\xa7\xb2\x989;T[\xb6\xda2k\x0eZ\
zY\xd74\x86\x86q\x1cu\xc7\x987kGrl\
\x01\x8c\x19:\xf0\x8fW\x86\xe3K\xf6\xe9\x10k\xcdX\
?9\xaa\x8d\x8f\xe4w`\xb7\x89S\xe6\x8f0 \xb7\
\x15C\xdb\x93Hb\x96r\x09\x8b\x85v\xb4\x0f\x12\x93\
\x19Kd}\xc4\x0e\x5c>\x12;\xd2\x11iX9\xb2\
K\x08\xb9\xe9\x99\xdc\xf4\x9eu)\x8fOyd\xe7\x0f\
\xffH\xd05\xcc@t\x06\xe8 \xb2\xc2w\x04\xf2\x8c\
\x09A\x1fx#4\xa5\x81\x0f\xc34\x94#\xdf\x96\xd2\
\xfb\x0eh\x1bo\x1e\xfe\x8e\x8f[\xd0o\xe7\xbc,\xd4\
\xbb\x01\xa5\xdd3\x81\x9aZ\x90\x88\xeeX\xed1\x8cy\
\xcc\x97\x14p\xbc\x06U\xd8\x01Xy\xbe}\xa2[\x0c\
>`yl\xf5%bD\x1dXI)\x93?\xc5e\
.\x91\x04.%\x16\x03}H\xdbG\xdb\xa8\xb3\x8ed\
1\x22x\xb2\xa7\xbe]*a\xfb\x80\x83\x05O\x9a;\
8\x92\x95\x03\xca\xada\x15ZO\x01\x9f\x92\xeb\xa6\x1c\
\xbb\x14\x8f\xeb\xe2\x14c\xf7\xe9\xa3\x00z\x0c\x0a]q\
b\xe8\xecN\xe4h\x9c\xbcc9\xec\x8e\x22\xa6X\xc4\
l\xaa\x1c\xb4\x14X\xb0\x0a5+\x92]\x09\x00\x04\x96\
\xba\x11\xa0\x86j&\x11\xa6\x14~\xdb\x0d\xe9\x00q\xba\
\x88\xd3)\xbd\xf0\xdc4\xed\x0d\xcd\x02\x05`,\xf0\x0f\
\x82Y\xae>Fh4b/\x00Rc\x9ek\x0a\x05\
\xfa\x08tS~*\x17\x8f\x03s\x04w\xb0T\xbcs\
0\x93\xfdP.\xf9}iV^(_\xb32\x9f\xd2\
\x22\x8cdS\xbc5a\xc2\xcc\xc1#\xb6\x8b\xf7\xe8\xe1\
O\x0c\x80\x0a\x9eW`w\x03\x05\xfdYEe!\x82\
\xec\xacIa\xb9\xf41\x1c\x9f~\xf1y\xef\x08~\xa4\
\x91_\xec#\xbf\x1cr\xe9k\xc7\xf8\xc9ZZD\xac\
\xa8\xa5\x91\xfb\xb8\xaf\xf6p_\xff\x9a\xe7\xfb\xfa\xd7<\
\xde7{\xee\xf2W{\xb8}7\xd6\xbcp;\x8ez\
\xd5\x06|\x9b\x04J#w\x1b\x9aTv\xb7WA\xa3\
EL\xd7\xdeJ\xcf=\x9e0T\xe0\xd9){\xeb\xbd\
\xda\x80\xfa\xb2\xa7}d\x94\xc8\xdeZ\xc2w\xc8k\xe4\
9o\xf6|\x8a\xdd\x9a\xad\xc6~\xe4eOlS9\
\xb5\xb9^\x99\xa6\xbc\xc1\xbd\xfb*\xf9\x91\xa6\xd9\xdb\x22\
\xe7\xe5\xa6-W*\xe3P\xe3\x9c\xa6$s\x1a\xaf8\
f\xb7\x14\x0f?\xdf\x11\x9d\x13/\x99G\xf9\x0a*\xb3\
\xdb\x88\xa8\xd1\xd9\x0fz\x19\xec\xcaW\xdacf\xa2\xe1\
\x07v\xe8\x09\x1a\xd7\x1f\xb9\xa5Q\x98\xe4J\xc3\xbb\x86\
\xd6\x98\x14O\xa4\x12\xf0\xdc\x1a\xae\x07\xea\xf7\xacP\x0d\
;X\xdd\xa3\xd8s2\xdc\xb6'\x9eY;\xc7\x0e \
\x19\xdc\xf7\xa1\xfc@\xd9\xe3\xd13z\xe0n6\xfco\
 \xf8\xc2\xe2\x80cg\xc0\xf1\x14jM\xba\xe9\x9bV\
{\xb2\xef\x10\x82`\xe9\xf6{\xb0\x15\xd0Z \xc1\xa4\
\xe0\x03\x9c\xde\xe5;\x04\xb6>\xd5\xa3\xcaw\x08\xf4$\
\x04y\xac[\x87\xb0\x13\x1d\x11\xb44=\x0aBW|\
\x09\x15A\xd11x*<\xc4\xd8\x1d\xef\xd9;\x09\x95\
\x84\x99nX\x9e\x1c\xdaE\xac\x19\xea9\x10\xa9C \
\xd6\x8e_\xda\x7fp\xf4G\xbc\x1c\x1c}\xa3\xa6\xa2\x17\
h\x0bE[i\x8b\xccZ\xc2\x88\xda\xf73n\xb8\xc5\
{\xaeo\xdf2\xc5\xee\xd6\x83\xde>\x066\xa0\xc3\xb3\
\x8e\xbd!)\xc8\x9f\x9b\xf9\xc2\x91\x8d\x12\xcfE\x92\x8f\
\xe7<\xc9\xc7s\xe3\x8a\x0b\x1a\xeb\xfc\xdc\x5c\xfbxM\
\x00\xe2\xee}\x0e\x06\xdd\x5c\xd9\xe0\xf9\xdc\xac\xc0@\x9c\
\x93\xe6}nxtb\x97\xe3P\x00Z\x00r\xc7\xd8\
\xb9\x16:\xbe\xe5\xf6\xfdNq\x8do9nUv\xc4\
UZ%\x15\xb0\xdc\xbf\x8d8f\x02x\xf2\x95\x0a\x8a\
\xe0\x82\x81\xda\x8b+Bm\xe0\xf9\x99C\xcf\x93\xbd\xcc\
suw\xa8\x083H0\x0f\xf8K\xe0s\xde\xaa\x80\
\xbdt7\x96c\xf2\xb1\xd10\xd7\x16\x10\x13s\xe90\
\xab\xdf\x82\xc1,u\xd4\x00\xf1\x87\x9a\xc9\xc4\xb2cX\
m\xa4\x8e\xe6X)\xdfn-^\x83\xfd\x88\xddV\x9c\
a\x87\x98M\xd97\xd8\x85\x16+L\xad\xb4$`\x98\
\x9b.\x94\x83K\xd6D\x85\x96!\xf0vW\xd4pz\
\xfe\xf0\xdf\xc2u:8y\xed\xd6t\x10\xc2_\xec\xf7\
+\x96'\x7f\xf0'r'\xcf\x16?`g\xb0\xee\x08\
v4\xc0\x96\xe0\x8eK\xcde\xb9\xc5\xc0\x02\x81/\xe5\
\xae\x9c%k\xeb#^\xd3\x9cG\xb4X\xdf\xdfqr\
\xa5}\xe0<]\xac\xe9a/!\xf6Y{L\xed^\
\xc8m$\x22Mx1\x9e\xc2Z\xce\x0b\x09\x1d6\x00\
\xf0_\xdb\xebk\xc7 \xd7$\xaf\x16\xca\x80\x99\x22\x88\
\xc2\xdaWv\xc9!)\x9d\xb5\x1d\x0c#\xb4\xb8\x8c5\
\xbbrl\xa7\xde5\x0c\xb2\xdd^\xf8\xfe\xfcfB\xde\
\x1a\xe7\xb4\x83\x07\xb6\xcc\x9em\x0a\xdb:\xbaT\x01\x0d\
9\x85\x8a\xf2\xb4\xda\xcf\xf1H\xdcJ\xbc,\xcc{\xc4\
\xed\xf3\xdc\xba\xa5\xe5\x87(<\xb7\x18\xbeCo\xb3!\
\xaf\xeb@@\xb6\x14\xc8M\xf6\x9c\xd2\xcd\xef\xe7n\xc2\
\xaf8\xc34\xfbd\xdb\xd0s\x07\x03~\x11\xe9\x22\xdf\
\x104\x17G\x1e\x05\xed)v\xb5t\xf2r\x97\xec\x8f\
Q\x15J\xee~'\xd6\x1e\xaa\xd1\xb83A\x94\xec5\
\xc5\x82\xfasW\xc1\x18n\xe8(t\xb5\x9d\xdb\xdb\x92\
\xd6\x0bf\xee'~2\xc7\x94ccb\x95\xce\x18\x15\
\x22\xc9\xcf\xe9\xa7\xf7t\xf5\x09\x0dj\xba\x0f{db\
\x17\xf9\xfdG\xe3Z\x0a\xb9\xb2+3\xb7\x99Xw\xa0\
#-\xd3\x89\xc2{\xd6\xab}0\x0b\xe3(R\xb3\xa2\
\x8c\xb0\xeaP\xcd\x87\xd21}\x04\xb3$\x14\xbb\xbc#\
\x84\x89\x9c`\xd9\xe4\x00*v\x5c\xc2u+.Q\x8a\
\xa8M\xb0\x9d1\xa3\xb3\x83U\x0b\x0d)n\x92 &\
\xba*\xda}\xa4\xdc\x88M*\xb8\xd6\xcd{\xbfoh\
o\xf4 \x80`,\x90\xd9\xc0\xb73<\xa7\x85@1\
,*e-\xeby\xe3H\xb0\xc7\xf3H}\xddP\xae\
\xd9\xf9_\x00\xe1\xd1\xd2\x5c\x1eD[\x9c\x819T\x92\
<w\x03zK;O\xb47\xae\xa5\xb7\xad\xf0,I\
\xfaI\x10\xa3?[\xa5\xf4CM\xc3\x92\x95\xf7\x848\
\xbf\x1cpz\x9e\x0f\x02\xec\xbb\xc7\xa4\x19\xf2\xd0\xa4\xe7\
\xccL\x83rd@H\xe3\x0e\xfe\xe4\xe8d\xa1\xa1\x02\
\xdc\xcc\x15\x93e\x03\x9f\xd7\x91\xad\xfc/>9\x1b7\
\xe8\x0b\xb0g\xf8\xaf\xb6\xd8\xb8?\xbdX\x10c\xec\xc5\
\xd2\x92\xfc\xc5/\xf8N\xc0\x17\xb8.\x7f\xe3\x1a\xbe\x05\
~\xc0mF\xbf~\xb1\xba'\xeb\xb1/j\x8c\x08\x83\
\xaf\x04\x86\x96\xefFf\xa3\xd1\xd4l\x1d`\xa6~\xf7\
pR\xff\x14\x9c\x8f\xfb\x1e\xd6\xf4\xa9\x1d\xb5\x96\xa8.\
${\x92\x9b\x1a=\xac7F\xcf\xd11\xdb\xa3bC\
\xd9\x0b\xbeB\xfc\x02\x17\xc7qv\x09\x14T\x1fn\xb7\
E\xe9\xc7\xc7UU\xbc\xc6=i\xef\xf7\xd4`\xdc\xbd\
\xad\xc5a/)\xbb3\xe8s\xb7\xd6\xaa(y\xac\x80\
{O\x94M\xc6\x1d\xc1\xc4L\x07\x0a\xb3\xa3\x87\xf9g\
L(\xffT[\x10\xd7:\x95c$\xba\x0a2Q\xc0\
\x8b\x06\x13\xe3x2\xdf\xbdha\x82\xa3\xb5H\x10\xdc\
KC\x8f&{i*K|H\x00\xb4<\xbb\xc6K\
\x83ycj\x82\xd4l\xdd\x1c\x91E$\x00\x9e\x92\xd9\
\x88H\xbd-\xce\x1bgK\xa8\x1dp\xcb^Z\x9c\xca\
x\xba\xdf\x97\xf8\xcc\xf4y\x82Wr!\xbc4\x0d\xbd\
\xe7MwU\x19X\xf62\x1d\x13\xc1~|\xcb|,\
/\xed\xc2\x93\x96\x02EW&\xfbzi\x8795\xed\
\xa2\xbf\xf8\xfe\x8b\xcf?\xff\x9c\xf2\x8b\x8aF'\xbc\xb4\
\xb7\x9f\x88h\x94\x04N8X\xe2\xb2?\xf1\xcd\xbdD\
\x09h\x19@\xcb\xf4fP\xfc\xc4\xd2\xedL\x88\x09\x80\
\xaa\x10/\xbd[\x92b\x84\xb9\x99(\x8e/i\xbe:\
\xbay\xfbet3\x91j\xeb%\xcfG\x0c\x00\xed\x07\
\xb1\x9e\xbc\x8c\x0c\xb9\xa6\xa3\x1d\x90%(Y\x9eB\xb4\
\xb8vT\x11\xec\x91\xe2/\x15\xec\xb7\x0a\xf6\x0d\xc1\xe8\
P\x80\x09\x1f\x8d\x0dz\xf6\xe2\xf1'\xc7\xb7\x06>\xf4\
-\xfdV\xc4\xf5xl>\xb1K\x8b\xff\x11pj\x0a\
\x0c\xec4\x0c\x5c\xe2\x111\xa6\xe6uid\x07 \xbe\
\xd9\x10`f\xd6N\x000U\xcci+\xf6\xf8\xb9\xab\
g\xe4;\xf7\xb8\xd8+|l\xe8t\x02\xe5\x88g\x94\
\xc5\xfb(\xd0i\xa4O\xed0\xd0\xaf87\xf4\xb4\xe8\
csm\xe8\x1d\xe8\xf9\xc4\xc7f\x09\xefKk,a\
D\xd2k\x8b#\x85\x11\xaa\x17\xf4\xa1*~\xc6\xb0\xcc\
(\x80\x08M\x91{\x9c\xe2\x5ck9\xe0\x13\xc1\x93\xe9\
 X\xf32\x0d\xd1\xe8!\xab@%\xc7\x16\xec\x87\x96\
\x1cK~\x8cG+;\xf6=\xe1\x89h\x96\xa4c\x19\
\xe2\x8a\x90\xe3\xc8\xb2\xfa\xe9\xbf\xb2\xdf\xd5\xacJM\xd4\
\xd1cy4\xf11\x9epYY\x86\xb8J\x00\xac\x91\
h\x9e\xa3c\x83\xe7\xd9O)\xb2\xd8\x04C\x1f'\xb8\
E\xcd\xae\x13\xc4\xe7\x0c\xae\xde\xf0J\xd8\xa1\x1a\x01y\
\xdaY\x02{y\x96\xfd\xbc\x03\xe8U@\x224%m\
\x8eV\x04\xe4\x1e\xb3\x18\xd9T\xa6\xb7\xa2\xe6\xc6\xb1\xb9\
\xa3\xc5\x8dY\xb0+\xd2\x805,\xd7+\xd2|\x8f\xdf\
\x11\xfe\x9e\x88\xcdc\xcb\x85\x85\x9d\x05\xe2\x02;\xb6%\
iB\xb1\xf3\x09\x10\x8f*\xe2\x94\xcc\x1d\xc7\xc9\x95\xc4\
*\xb2\xf1\x81\xe7_\x91\x8ce\xca\x89X\x03T\xbc\xbe\
*.K\x0cU3\xb3%\xd8\xb5F\x5c\xa8\x14?\xbb\
f\x95\xd6\x95c\x00\xc9Y\x9d\x00\x22l,O~~\
\xfc\xf0\x0fuqB\x82\xac\x8e\xe9\xe9\x8aX\xa4\x81\xaf\
\x88\xd0\x96Aw:\x1d\xb9\xb6^Z*Kl\xedy\
\x95\x8dL\x8bt\x8cG\x04\xd3\xdb\xb7\xb4\x19\xda2\xd2\
\xaf\xd9\xba5\x9b\x06,F\x22\x8aE\x8dcL\x92L\
\xbd\xdd\x08\xb1\xe9\x5cI\xbe2@\xea&\x9b-)/\
\xbd\xc3\x15o\xc6\x96W\x1e\xb3#21\xba;\x9e;\
\x9a\xb6\x8c\xe6y\xdf\x91\xcc\xd9\xb1%d\xe2\xea-\xa5\
\xf8o\xb6\x9c\xee\xc3\xd9\xd2{\xde\x5cw\xdah\xce\xef\
-\x96\x0b\xb2\x18U\x80\x7f6\x8cB\xa7L\xc0\xcf\xa0\
\xdboPCk.\xd6\xb8\xa5\xa1\xcaQi\x98\xdc/\
a\x8e[R\x80\x8b\xd9\x92]\x02\x07\xdf\xe9\xc3?x\
V\x87t\xf8\xd2\x91\xf1QV$(\xf9\x98\xe6%\x86\
\xe2\x8a\x9aW\xc7xBi\xf1\x96\x8d\xbd-X\x9cP\
\xd9\xb8#~0\xec>~e)\x12\xc3\x9c\xbe\xb0+\
\xce\xc8\xc6\xa2c<\x1eN\xf47g\x89\xa1}\xec\x84\
\xda\xe2\x84\xf0p5=\xbe\xe6\x18&|V&\xe6\xfc\
1j\xbc\x9e\x02\xec\x00\xcd\xe3eRnY0\xe7\x80\
r\x9d\x17\xf5/1\x12\xc1\x88\xa1\x91\xd0\xc7\xd5\xc3\xef\
n,U^qU\x06\xb7\xe5\x13\x0cFv\xb3f\x17\
\xc3F\xc7^\xb6\x14(h\x99+j+\x1eg\x02\xf5\
;\xbc\xa5\x0e\xf6\x0e\xfc\x81\xf8\x16\x8fk\x0bf\x1d[\
\x17=\xfe\xf9oL\xa4\xd3C\x87\x14g\xe9\xe4\xb7\x17\
\xc4\xbc:\xf6S6\xe61\xb36+\xdf\xd32U\xf4\
\xfdtC\xf9\x92\xfe|i*:\xe3\xf9%U\xc7\xfc\
rC\x9f\x08L1Zf[a\x10\xa1\xb7\xac\x8d\x22\
HQ\x13\x5c\xb2w\xa1\xa3\x92\x8d'\xb1\xc1\x00\x10\xb8\
\x06\xbf\x04=\xed\xfex\xc8\x1b\x8dk\xd1\x8c\xa0*\xa4\
g\xbf\x0b\x8b\xe2\xf4\x0b\x8ed\xc4\xa9\x87\x91\xd16\xac\
\xfb\x88c\xaf\x8eq\xb3A\xeb\xe8\xc9\x85\x00\xb6 _\
H\xbd\x87\x7f%=\xc6\xd3\x8b\xf0vli\xe3\xb7\x0d\
\x98V+2\xb0|4t\xf0\x03@O\xb6\x07\xc4\xf1\
\x86\xbbeZfR\xb1\x1b\x8a\x90'a\xe2!i\xcd\
\x04\xc0\xf3\x9e\x18\x12\xd7\xf6\x9eBq\xc5\xcfv:\x8e\
\x05?\xe2\xfd8\xf2q\x81\xb1\xe6\xcf\xf9\xef\xe6T\xef\
\x89\xf3\x87?Q\x00\x8c\xa1\xe2\x92\xa9U\xb1\xc2\xf5;\
\x82\x04*\xa7c\xb8\xbf\xb5\xd4F\xe9\xa1\xe2Kr\xee\
\xcf\x16>\x9e|I\x9d;[\xe6\xec\xe0\x9bo4\xbc\
[\xcclTJ\xef\x84\x1b:86B\xee\x9e\x989\
\x9eV\xd1\x10ha\x03\xf7\xaf\x9f\xc0\xa0Jq\xe5\xd4\
\x13\xd7\xc3g\xc1l\xc8\x8dO\xd2\xb1\xceF^\xa5^\
\x80eG\x9c\x04'\xc6\xc79+\x93\xee\x8b\x0b\xd4<\
C\x1ebL\x81D\xe8\xac1\x15L@\x1b\x06g\x96\
\xb7w\x94\xeaG\x04\xba\xf5\xf4\x0e\x8d\x0d\xf2\xb6M\xe3\
\xbb\xe4\x03\x81\xbe*\xdc\x8c\x84~\x00\xe2\xea\xdc\xadX\
\x13<\xfca\xcehK?Q\x5c\x94\x0c\xa8\xed\x9c\x1e\
\x00\x88\xbbKl}k\xc3\x92\x81\xb4!o\xc8vB\
\x0c{eE\xa5\xe1\x10\x15q\x16#T\xd1>\xc5\xa1\
\xb1\x1dP\xfc\xf8:\x80\xc1\x05\xea\xa1yO\xc9+R\
\xc4\xa56\xdaK-\xa8\x1e\x91\x02-\xb5G@\xc5j\
\xf1\xe8X\x02Qo\xc8\x89\xa5VO\x17\xba\xad\xbdq\
\xc2S\xc2U\x02S\x01y\xe2\xd8;:b\xf2\x9e\xb8\
%;\xc8\xe3\x04\x94\xb0X\xbcYF\xb69\x03p\x16\
\xacu\xe2\xf8/\xeb\x9a\x15\x8b\xbf\xa2\xf2$a\xcc\xce\
;\x81\x8e\xf7IS\x9c{\xfaz\x8e\xbdF0\xc5\xa7\
x^\xe0#\x8e\xceM1\x0df6#\xc1;'\x8e\
%\xb3O\x80\xa3\x00\xf9V\xf0\xd2\xdf:\xfa\xfcqr\
Pr\xe8\x03\x07Z\xc7\xca\xf41nh\xa0\xef\x09n\
\xf6\xa2+I'~!,\xbf\x13PxX\xb7\xf0\xcb\
%-\xd2S\xdcO|\xb7\x01\x9d^\xa5\xa6\xa5\xc5\x10\
|\xa2f\x85\xc3\x0a\x13\xdc{\x01F\xd2\x09\x13\xaa#\
J\x09\x97d\xb9\xfa\xb1\xa8\xbc\x12\x80\xe2\x80\xe8\x84\xea\
v#\x0f\x04?a*\xc5\x89\x8f\xbc\x89n\x15\x11\x00\
\xa0\x5c}\x02\x94\x8a\xe48\xe1\xeb\xdc'\x91\xa6L<\
\x89D\x159\x89t\xa9\xfc$R\xf7\xeeI\x5c\xd2\x03\
qNp\x91[f\xfd?!\xe6\x004\xbb\xa1E\xcb\
\x8a\x13=B\x0b\xa8\x92\x15\x1f\xfe\x91\x0a\x06z\x96\x04\
\x16\x0b\x16\xf0\xcd\x0e\xde\x84\x22\x0b|\x02\x84\x8d\xaa\xcd\
}\xda\xff?\x82N'\xfc\xcb\x9f~\x82\xbb28\xb0\
`\x00\x1e\xef\x90\xfe\x1a\xe30\xac\xcd\x95\x0dN\x8a\xbf\
\xfe(\x88\x86B\x5ch\x9d\x1a*\x1dO\x8d<\xfc\x05\
0\xdc\x84\xac\xab+\x1dI\xefB\xf7O\xa7\xf2Dy\
>\x84\xc5:C\x82\xd9\xe1\xd0\x09\x13\x99\xd0:\x94)\
\x19\x09\x5c\xa8\xf7\x22*k\x8f\xd0\xd5|e\xe0\x0eP\
\xf1\xe9\x10\xf1\xfcHc\x9fd\xae\xc45\x8f\x01W\x1f\
\x9bE\x87l\xb1\xcc\xd5i\xd7OX0\x12)>+\
\xb6\x99=(\xeb\x16D\xad<\x95\xcb\x05\xa7\x0f\xff\xad\
^Z^\x0bU\x94\x99a\x0ft/\xde\xe8Cl\xd9\
\x13\xe26\xd8F\x22\xc5\xe9\xd4\xb1'\xc7|\xe9\xbc\xef\
\x86i\xc5\x11\xe6\x0c\xe9\x91\xf1V\xb0\xe6\x91\xc2\xcf\xf1\
\x18\x9cy\xf0\x0a\xf54x\xea\xdc\x1a\x08\x90N4\xbd\
eOpu\xb9\x83#\xebl\xe1\xe1\xf7\x0a\x88\xdfV\
fVKD\x19i\xff\x0dK\xdc<\xc3n\xe4o\xe8\
\x99\xb7\x00\xe1\x19\xc4\xecb2\x07\x16L2\xb6\xfe@\
_\xbfq\x86\x95\xeb%\xad\xd1z6\xb7\x03\x14\xdc]\
\xf1\xc5\x97\x04\xa3\xfa\xdc\xa9\xb9/\xe9P\xe4\xdfzJ\
7\x1b\x9fZS[9K\x9d\xda\xb9\x9ba{qk\
\x06\x09{c*\x19\xa4\xb1cr?\xe1\x83s\xc0O\
2\xf5\x15S\x05O~\x13\xcd\x8bCa\x8a{\xa1*\
\x9a\xaf'\x11jm\x99\xf63\xc1-\xdd\xab\xb4\xc5\x14\
]=q\xb7\xf3 .\xee\xe9\x1a\xaar\x96b\x82X\
\xafO\x10\xb3\xdf;\x90\xfd\x147\xca\x17\xfeJ\xc3\x8a\
\x9d\xff\x19M\xa8\xc6\xb3e\xc4Q\xc5\xb6;\xac\x1d\xf7\
\xa8\xf0\xbd\xdf\xbbZ]\xca\xce\xfduNMg\xafi\
7\xf3aS\x9cz\x12\xd1q\xca\x8e\xfa>\x05Ko\
\x831\xe5\xb4i\x9bYe\xda\x05m\xd8&\xdex\xba\
\xectj[z\x08<\x02\x15\x1e\x0e\xbf\xac\xd8\xa8\xb0\
\xdd!\xdcAb\xfe\xb6\x92\x97\x10\x1d5\x81T\xa7\xec\
\xc0\xd7\xd3k\xb6\x9f\xb0\xc3U\x13\xb6\xa7X\x84g\x8f\
\xc2\x1b+\xb08\xd0c\x80\xadU\xee\xca\xd3\xb1w(\
\x1e\xb7\xdb\x5c\xd1\xd8\xe1-\xb3\xe1\xa0|\x08m\x0c\xed\
`ul\x00\xbdvv&~s\xeb\xfd\x9ca\xf2\xda\
wxf\x94\xa2`\xf5\x84\xf88\x1d\xfc\x9d+\xa3\xa5\
\x12\xdf\xde\x9b+\x1a\xbc\x0d\xd0\x8c\xd7Y\xb1\xbb\xdc\xfb\
h\xe9C\xde\xdf{\x19\x95\x97\xe0\x89<\x08\x86\xe0\xca\
\xa1\xf7\x94\xd7R&v5\x9a\xbe\x86\x22\x9a\x91\xbe\xe4\
#\x09\x1b\x81\xf667\x0b^\x0c@\x04g\x18\x9d\xc1\
\x94\x05\xc4\xdb$:\xd2\x87\x1aS/\x0e_\xb0\xa2\xba\
\xda\x98\x08\xb6\xd2\x98\xb0\xb4\xef\x22E\xafsF(\xe6\
\x08\x8a\xe9\x03\xc1t.\xb2\xa8*\xfb\x08\xa2\xcc\x9d\x99\
0m\xe5.\x11\x8a>\x8dp\xf2b(\xa86\xaa\x13\
\xc3\xb6\xe5\xf5\xe0Z>\xb3n[&\x8a\xe6e\x1f \
\xd9?\x90P\x0ePH8\x0f\x0d\x18@y\xb4A\xcf\
\xf0n\x8dhJ\xd4\x9e\xffl\x98u\xf4\xd6Q\x0b\xca\
]\xdf\xba{\x02T\xf8m6\xdc\xb9r\xca|4\xa7\
\xa0d\xd0\xec\x1c\x808y^MB\xf9\xd0GLt\
p\xc0\x14%\x0f\xe0\x95\xac\xc9\x13u\x22\xc6\xcd\x9e\xb4\
DA\x1f\x85D\x8f\x9f\x82\x82E\xe7*\x97\xf6\xcf\x19\
\xfa\xda\x81%\x00=\xc5\x5c\xdd-\x1b\xb1Mc\x16\x0b\
G\x9f\xe8nB\x0e\xc5=u\x1b#\xf6\x94\x9c:.\
\xc6\xdc\xfd\xad\x993\x80$\x9e>\xf5SR\x9a\xd1\xd0\
\x0a\x04\x1e\xfe\x07\xb9\x07\xe81\x15\x03@\xc5\x0e\xe2\x0b\
$\x98\x9e%|\xea\xcb$\xa2\xd9-J\xbc+\xfd\xcc\
~\xd9\x92\x85\xdbS/\xf6C\x22$\x8c7\xba\xe8\x05\
\xc5\xa5\xdd\x14\x0d\x9f\x0fa6\xe0\x8e\x0a\xc0Zsm\
\xd1H9\xf0\x81=L\xdd\xd2HG\xf1\xaa~!D\
\x9e\xf7b\xf3e\xc2\x9e9TfEU\xe6MN\x98\
2\xa5&X\xf7\x08x\x1f\x1a&M|\x98\xb1\xa8\x97\
S\x5ck+\x8eKzf\xed\x08\xc5s\xbf\x15\x9b\x03\
+,\x0cGJ\xef\xf9e\x9a\x19\xab\xe5g3\x19C\
\x038\xce?\xb52\xc0\x95\xb7hD\xef\x88\xf0\xb1\xe0\
\x89\x95\xdd\xd3\xc0\xb5\xa5\xfc\x18\x09$\x87(t\x98\x98\
z\x12J7\xb9u\x18\x0f\xec\xefP}*H\x14\x13\
\xe3\x09\xd3\xc4uO\x08Q\x85\xb8\xd0\x9e\xfc\x1d\x0e\x15\
\x8a\xf0\x01\x8a\xb1F\xc4\xb6\xfb\x10]\xc5\xcfC8\x0d\
NJ\xa78\xb9d\xa6O\x5c\x9a\xe2;\xcbdB\x5c\
.#\xb5\x1ec\xd5\xbaL\xe8J\xe2n\xa8\xa8\xc4\x07\
\xa4\xbd)\xd65\x0eoK1\x16\x80p\x8a\x87%\xd1\
rd\x97i@\xf7\x0b\x0ca*Nl\xd2qgw\
\x1c\xeb\xcc\x00\x15\xd5\xea\xaa\xae\xea\x81\xa4\x872%\x94\
iI=\x94\x8b\x16B\x1e\xf3\x88\xb2u\x9a\x04\x07\xbb\
p\xf4\x8dZS\xb7\xb2\x031\xfd)\xd9y\xc2\xa7\x95\
Pq\xf0b\x07\xf3\x14\x84\x1d\xca\xf5\xaa\x04\x0a\xc5'\
\xa1Zw\xef\x09\xf9\xb4$NB\x1c\xe2\xfd\xca\x10m\
\xf4\x15\xe6\xf9%\xe5\xb9in1\x0b,\x01\x17f\xee\
\xe3\xe4\x90M\x93\x88/Y\x99xG\x10\xc0\xab\xd1\x8b\
\x95t\x81\xec\x95\xa1\xcfGw\xf1\xbc2K~M\x00\
\x880\x7f\x856\x1d\x05\xa8\x8c}\xf5\xf0\x7f\xfb\xe2\xc9\
/\x7f\xf8]\x8b\x9bX\xca_\xfe\xf0\xfb5\xfc\xf5\xf0\
\xff\xd2\xcb\xfa)}\xb7\x0f\x1f\xf8\x8d?\x04sOz\
\xdf+\xcc\xe0B\xa7\xe6m\xbe%\xa9M\xbf2\xbd7\
\xe10\xc2|\xcb.\xd4S\xdd\xe2p\xda]\xca\x0f\xf7\
cu\xd4\xcb\xdf\xd8\xe21\xfc\xdb\x0dSE\xb3\x87\xe7\
\x86\x01\xe7u1\xc4k\xa9\x82\x9bW\xea\x12F*\x97\
\xc9\xfd\x1aW\x22I\x5c\xf3+\xf4\x9d\xa0\x0c\xd9\x13\xdc\
7\xd4a\x03k\x80Er\xf8\x81\x90\x83(1\xea\xe9\
\xe8\xaf\xcc\x8d\xb9V6\xd8\xbd\x22\x96\xff\xab\xb9_\x19\
\xf9\x01\xec\x1a\xfd\x01\xd2\x09\xf8\xcanhI\xd6X\x98\
[\x93\x0e\xda\xf5T\x94\xbfb\xc1HX&)\x11_\
\xb1@\xffW,y\xce\xab\xd2\xd6\xa5\xa5\x903\x18\xd6\
B~\x85\x19\xbd\x84\xe7\xed\xd55\x06\xa0\x0b@\xfa2\
_-o1g\xdc\x18\xf1\xa6\x14\xfb\x0e_\xf9rI\
\x87\x05;\xca+\x95\xe9/\xf8\x0fB[\xa6DC\xfd\
~\xc0&G^\xac\xc0R]\xcb\x1a\xb70) m\
\xabk\xe5C\xf9&\x03\xca%\xc8W\xfe\xc6p\xe5\xf8\
U\x84\x17F\xbf>\xc1Bc\xc1\xb0;/7d=\
\xf1\xd5&}\x85\xd2\xc9~\xb4\xc1\xd3\xdf\x89\x1f\x17\xa0\
\xd6\x91\x95\xeaW\x1b\xfcb<\xdc\xacK\xf8&E\xc7\
(\x0f\xdc\x9e\xbd\xef\xa4\x9a\xc2\xa6E\xe4\x0d5\x1d^\
\x8bY\xe3\xf5\xb4\xf8\xde\x902M,\xf4z:\xad@\
\xabi[\xc5Y\xf3zjCi\xdd\xaa\xf8\x068G\
T\xba-\xf5\xf4nmXR\xed-\xf7\xfa\xc97*\
<\xbd3\x1a\xae[\x08\xec\x1cL,vg\x84\x04\x09\
\x9bb\x86\xa1\x0b\xe4\xea3\x5c!\xa1\x88\x95\xaa\xfd\xeb\
\x99\xafg4\xdb\xd8\xeb\x99\xf4\xef!v#\xce\xc6\xe9\
Q1\x10\x07\x9cu\xe1\x1e\x96\xeb\x8c\x84 \x96L\xcf\
\x08\x87G\x87\x8bgq\xe2\xaa\xbc\x09Z?5\xb5D\
\x1a\x01\xf1\x17\xf5W\xa2E\xfc\x9a\x18\x81\x09\xe1\xed\xc6\
m\xfe\xd7eB\xc8\xc5K\x19\xc5\xf8zi\xe72\x09\
\xc5\xeb%&\x91\xa6\x1f\x0b,\xef[\xda\xb1+wE\
\x13\xea\xbc^\xd1\xe5\xec\xd7\xabZ\xac\xfc\xbf\xaeA#\
\x0a$\xd8\xfauM\xe3@R\xb9P\x96\xcf\x80p\xdc\
\xb4\x7f]\x8f\xcei\xa2m\xb9cd\xc7Y\x9bO\xc8\
\xbb\xacm=y\x82\xdbY\xb8&\xfcz]\xba\x19h\
\xdcs\xfa\xf3\x00\x935\x89#x\xbdn\x1d\xb5\x04\xb7\
aYbb\xd81\x22\xa6kKU\xf9_U2E\
\xd6\x88\xd3|\x99#Z\xd9\x101b\xcf\xa0\xd1s\x94\
\xa6\xdb\x8c\xf8\x8b\xfe\x18\x16*.\x03o\x13L\x08\xf6\
i\x9f\xff\xeb\x91\xc6h\xf0\x8fO\xbez/\xc1\xfe\xf8\
9\x85\xd9\xa6,\x9b|\xb5\x8f\xddC\x0a\x86\x1d\xd2\x92\
0\x97\xd46\x8e\xb2jD\xbfI\xe5\xb5o`r\xbb\
\xa10\xa6\xb8H\xf8\x15\xc1]w\xa6\x22[\x03\xdd\xe2\
\x99\x8f\xd2\xb3R\x9a\x05\xb7p5\xb1R\xe9\xd7^\xc3\
\x0c\xcb.\xd6\xcc0o#\xb5\x0a^7n\xce\xde\xbc\
5\xabt\x90\x18\xc1\xca\xfe\x18\xb8F\xa0\x99\x07\xe0\x9c\
\xe2\xeb\xea\xea\xe8/\x9e(\x113&\x7f-'\xe2\x11\
\xac\xdc\xf3\xe7\xff\xa8H\xce6I}\xf2\xb5I\x0c\xaa\
\x8fnN\xe5\x1c\x0d\xbe\xebG\xe2\x94'^\xd1F(\
@\xbcq{HN~\x03\xc15\x8a\xb3O\xe8\xda\xfe\
YJ>\xd5\xa5\xed\xa40s\xb9\x9f\x99\xf2\xe7\x7f\xa6\
\xe5X\x5cF\x10\xa1\xf4r\xac\xb4 \xbby\x00\xa8\x0c\
\x03\x1aL\xbb%\xf2\xfa\xf5\x04;G\x01\xd0;\x9ad\
\xe6\x0c\xf4\xac[r\xc0' %\x1a4\x1c\x82Z\x5c\
\x1d\x01\x1c=_\xb5\x13\xedwf0\xe6\x91>P\x05\
C\xc0s\xa8m9\xb42s# \x0e\xb0(\x5c\x80\
<z\x97O\xaaH\xb5\x8a3\xc5\xa6=Kv\xec\x0c\
\x065=B\xf4L1\x0f\x10\xe3\xc9\xcf\xceP\x93\xe4\
\x1f\x17\x95Kzp\xea\x16\x03\x93\x113\xd6\xb4\xea\x0f\
@\xe2/0q;\xbf\x81\x0f\xfcZ\x91\xf5;x(\
\xd67\x92\x02^\x9cl\x8a\xe7\xb1\xe82`Qz-\
_\x8e\x15\xa9\xf2~f\xd6\x9e\x1e\xf1sf>\xb0\x10\
H\x98\xeb\xf0\xec\xd0\x8d\x5c4>K\x91\xa9Ml\xba\
\xd8$\x1a\xb9\x0ad\xe5c(\xf4c\x1c\xce~\xfa\xeb\
\xf6\xa7\xff\x83To\xd9\xe9\x07g\x86=FK\xd3\xd1\
\x01\xc0vt\x9c\x99\x98\x16 \xf04\x1b\x0a/-/\
\x8f\xe5\xe1\x99\x85g\x15\x02\xf8\xcc\xf6{\xdb\x0867\
\xd4=s\xa6\x1di\xd7\x81\x07\x95r$EGq'\
O\x87\xf2\xe6\xdd\x82M\xe62\xa2U\x13\x9a\x1cE:\
*\xd4\xb61'L\xbbD\xf2\xbd\xb2\x1d(\x9f\x9e\xbe\
\xbf\x18y\xd6\xdd\x91o`\x97-\xfd\x9atU\xec\x0c\
U\xa4\x8a\x1a\x0b\x80Y\x8c\x0c?\x00#\x8d\xe1\x0bZ\
\xac7\x8ae\x9ep\xdfT\xc4\xeb\x02`c&\x17\xb1\
\x0c\xc5\x01\x1e\xec\xb7\xa2\xdc\xc6\xcc\xc8\xd4\xd4M\xa7\x02\
`\xf3\xeb\x0e,>}|\x95|a\x8f2\xf4\x93`\
\xee\x1dz\x053\x152\xfe\xedQ\x0d-G\xd5\x88\x16\
\x9a\xf3\x88\xeb\x83muR\x99^G\xac\xbe\xfe>\xaa\
 \x95\x03N\xe6\x7f\xaai\xc8\xdb\x7fiX\x97\x94i\
\xa4\xc9\xbc\xd7k\x0d\xcb\x06\x19z\xf8'*\x1a\xb9*\
\x95\xd9\xec\xe3\xf5L\xeb\xa3\x0ao][2j\x19\x9b\
k\xda\x9f\x83\x17M\x87\xb3\x1e\xae\xf7\xdd\x89\x19z\xe0\
\xc4$8\x10B\xac\xf4x\xa6\xef6\xae\x9e3\xf1\xd8\
\xe2\x89;\xe2\xfa%M\x09uV\xc2\xec\xbfA\xd7)\
y\x99\x92\xca\x1b2\xc3\xb9\x82\xae\x02\x9c=\xfc\xbe\xb8\
,\xc9f\x9b37\xa1\xabA(\xf3\x98{\x0b!\xe2\
\xc8\xed\x00\xfa\xb4\x00\xb9\xd9\x8c\xff\x0c\x14Su3\xbd\
\x90\xac.\xc5!\x1d\xc4\xf5#\x89j\x89l{*\xcd\
~\x0a\xae\xc5e\xf7\xd4%:+\x15\xfc\xcd:\xe0\xa9\
\xe4\x92\xf9q\xc8\x08\xfa^R\x99\xfe\x98H\x0c?Z\
\xad\x93y\xa6r<4\x890^2\xd08\x8d\x00y\
oM\xa0<?\xa0\xc3\xfb\x03\xd1\x05\xae\xc9\xa2Dd\
\xc4P\xe2\xce=\xf5\x0bt\xa8\x22\x97:|\xedd\x1f\
\xf2\xcaF\xc8\x84O\xb2\xed\xc3\xa2,\x12V\x89\x9eE\
\xcdM\x80\xda\x96\xbe\xf5t\xc6\x14\x0f\xe8\xbb\xd4\xd1\xd4\
#rF\xdf\xe2T%\xe9a\xe5t\xaf\x81\x12\x03\xbc\
\xc7\xa5^\xd0\x13\x8a\x7fpG\xf10\xf7\x81an\xd4\
\x01\xd6B\xb4\xb6\x1c\x0cx\x0d\x97+8\x03\x83\xca(\
\xeb\xa13\xdaHWt\xbft\x02x\x8d\xc0\x80+\xcb\
\x10f\xa9\xb9\xca+\x07;\x9d\xb9\x1a\xc4\xdc\xaa\xa5F\
\x19X\x0b4C\x17\xd8%\xc5w6\x06\xd67\x99\xa0\
[[V,\x1ec\xc6u3\xa5\xe6\x05\x12\xdc\xa7\x94\
\xc0\xd4\x94rP2\xab\x81\x19\xc0x.\xa2\xb0,\x98\
\x91\xe0n\x0d\x1b\x83w\xce\xca\x0fz\x7f\x0fr\x96\xfd\
\xb2\xc7d\x8f\x1d\x08\xe1\x9f9[\xe2\xdc\xe3\xe8\xf4#\
\xcc\xd1\x8a}\xd1\x8a\xdd\x18\xa7\xf2 u\xe8$\xcc\xe3\
J\x0e\xac\xca\xd6\xacK\x00B\xb7\x9e\x9cU1m\xa6\
\xe3\xaf\xd2\xc3j\xd0\xc3@\xca\x07\xe9q\x19\xbf?P\
{]8C%\xd9z\x18\xd7\x0do\xce\x22\x1c\xce0\
0\xbc\xe5\xd0\xd2\xb6\xc5\x81\xb9&[\xd2\x07\x98\x87=\
\xf4\xb8\xe8x\x1d\xac\x8cV\x0fF0\x1er\xe3\xe8M\
m\x8b\x0bc\xa0\xb82\xb1\xee\xab\x0d\x8b>D\xa8q\
w\x1ca\xc7%\x9ca\xe2\x83Y\x81{\xe3\x88]\xe4\
\x83g\xcbg\x00\x81\x11\x8a+\xc6\x1cL\xeb\xd6\xf2\xcd\
\xd0\x85\xe4o<\xc3\xe2\x22\xe5o\x14r3Q1\xc3\
5\xb8\xb3\x9a^=\xf9?\xad\x02)OB;\x9co\
Za\xbb\x02V\x0a(\xd2d}g\x1e4\xbd7$\
\x85\xf6\x19=\xb5\xf0\xcco\xc6\xc1\x1fg\xc1\xccZL\
\x9a\x98\xd2\xc6R\xf5<\xb0\x01\x97\xf6\xee\xf3,\x99\x1d\
J\xee\x10\xec\x0c\xfa2\x95h\x01\x0d5\x0a\xacMP\
\x86\xda\x80\xcb\x16\x1e\x18\xae\x0f\x0f\xf8\xb1k5X\x8c\
\xcb\x81Pt\x83\x81\xba4TP\x83T\xc7\x0d\x5c`\
iG\xcf/\xd6Rc6`D\x1e\xad\xe2g\xb6i\
\xd4\xb0\x9f\x1d'\xa7\x9d^5J\xd6JJ\x9a\xd4-\
w\xbc\xcf\xd7\x19\xad{\xb2Z+\xc3\xbe\x10\xcc\xd50\
\xa4\x7f\xa3`\xbf%;\xc3\x07T_R=\xa3\x1f\x02\
\x04\xdd\x0a\xf7\xf4\xd0\x99[\x11\x7f0\x08J\xba\xef\xf5\
,N^P\xc5\x91\xe4\x10;\xfb\xf9\x9f\x97\xc6\xd2\x1f\
T0\x0c\xd9\xd6\xd8\x0e\x14c\xeb\xe7\x7f^\xf9\xd6\xaf\
h\xae\x933\xf8\x16\xa2\xf3!&\xd4(\x04\xc55Y\
\x90!\x94[\xeb\xe9M\xd7fi\xd6t\x91\x1c\xd0\x00\
fC\x19\xe9\xab\x04\xf6\xcb\xf6\xa7\xbfn\x0dk\x9f\xb6\
\xa6\x8e\x0f\xa8\xf5\xf3\xdf\x04\xea\x98?\x8b\x1b\xfa\xa3{\
\xfa)\xee\x89\xe3\xfe[\x18\x17d^\xf8\xd6\x84\x0f4\
\xeb\xca\xb7\xa6\xe1\xc0\xed-\x11\xc2\xdf\xd2\xe0\xc8oA\
\xa7\x22G\x95~\x8b\x89_\xc8D\x0f\xc8\x07\x92m\xf1\
\xdbh&\xdf\x92\x16\x81\xd2<0\xa0\xa6\xe7\x1c!\xd2\
\xda\x19X\x09~U\x5c\xb8\x15I\xab\x87dd\xb5\x03\
fX\xbd\xc4\x05\x03\xcd\x02\x22\x154]\x16*\xb4\xe4\
3!\xd0\x86\xa4D;\x02\xcfi\xd1^;\xfa3\xd6\
`Qd\xef\x03(\x5cU\x0f\xff\xda\xd2\xfbS\x03\x17\
\xca\xd7f\xce\x10j0}\x8b.mS\x0c\x19\xe8Y\
\x0a\xfao\xb9\xc3\xfb[v`\xe8\xb7\x5c\x00#\xe0\xd6\
Tg\xfe6\xd2\xcdS\xe7\x86\x14\xa6f\xca\xcb\xc4\x1f\
\x87HK\xcbv\xc6.A|\xa1\xe7x:!\xfd\x05\
=\xb3*\x95\xc5\x9a\x10\xa0t\x99\xe5\x9c\x1e}\x0b\xc5\
\x85):\xcd\x85\xc0\x8e., \xb0b{\xd1\x10\xe3\
!\xf6\x88\xb5t\xe7\xec9;\x8e\xfd\xdc,)\xbd\xc2\
\xe4\xcct~?7,\xab\x18\x00v\xe9X\x15Y\xa7\
\x01\xf5\x9a&\xe2:\x87:u[<]J\x0c\xfd\x15\
\x0cU*\xb6\xc5\xb1\xb1^\x80\xf2\xc7\xada\x0d\xbd\xa6\
\xa5\xe2\xc7nG%L\xbd\xef9\xa3{;\x80b\x8b\
I\x804~N_\xbaYc\x02\x0f\xdb0\x90\x96[\
T\x91)\xd2\xb2v\xe2!\x8f\xe7&6`>]Y\
wE+\xde@\x03\x94\xa6-\xe9c\xdc\xb2\xf7eq\
U\xa0\x15\xcfZ3\xa5\xf7\xc4t8di\xb4\xd7\x9d\
\xc9cX6\x96,\x8c\x14R\x9e\xf9\x09\xfe\xc10\x16\
\x08\xb9=\x02[\x9c\x13\xbbc\x94\xf3Dv\xa48S\
\x04\xa8\x96\xdetNK\x9eL \x09\xa8Pv\x13\x10\
\xcf\x82\x0bl\xf3}B\xf9l\x9c@\xdd`J\x14\x9f\
\xa8\x13\xc8\x0d\xe4\x04Jm\x0ca^\xad)>M!\
\xfckz\x14\xeb\xb9]\x90i0\x95\x8bKG>\xbe\
ul\xacZf\xc2\x9e[\xf8s\xe6\xac|\x93\x1a\x8f\
\x087\xf5L\x09\x06#\xa4h\x9d\x1d'\x14\xe81y\
\x92\xff\x9d\xb07\xcf\xed\x1aF,\xebFkW\xbb\x0f\
\xd12\x8c#\x1fh\x89O9\x03\xa4=k:\xc26\
\x9d\x18\xd7\x8a~\xd1\x1fo\xaba\xc2\xec\xdf1\xeaM\
\xd2\x1e\xf8\x99\xfcU\xc9\xc5u\xe91Z\x8b\x1b\x13c\
X\xf1M\x9e\x97qj\x02\x19\xb7\x18/J\xab\xa0\x05\
-\x80\x9dw\x97\xb9\x1bz\x9ai\xae\x03J\xf6j\xf4\
\xa0|\xef\x0e\xe7\x99|zX\xae*m\x09\xe1.\xec\
\x19u%b\xe0T\x17oO\xca\xc3\x82\x06\x82O\xa8\
#Xyf\xdd<\xe9IaZu\xb8\x98\xb3G\xc7\
\x1f+m\xe6\xe6C\x10\x07A\xe9\x15\x88\xb2\x7f\x8e\xbd\
W\xc6}$\xb8\xdf\x1e\x88V\xabLg<\xaeA{\
\xb9\xfb@K\xa4\x08\xaf\x19hy)\x17\x9e\xcf}:\
\xf2\x8b%\x14\xec\xd1\xaf\xbfV\xc0\xbf\xfa\xfc\xaf$x\
\xf8\x1b\xa5\xe6\xcb\xc3o\xb4\xab\xb2s\x12F(9\x05\
a\x8b\xf3c\x14(ANS`T\xfer\xe4l\x85\
\x9e:=\x98|\xf5\xf9W*\xfe\x97E\xda\x0a~\x00\
#\xd07\xda\xc3\x9c\x1e_L\xbeQ\xde\xf5\xe27\xbf\
\xf9\x8d\x82\xea\xdd\xb3#/\xcf\xe1J\xca\xe3\xbd\xf9R\
\xb9\xfewGJ\xcd\xef\xcf\x0a\xfe,\x15kq\xda\x03\
=\xd8\xe9\xa4\x8c'?\xadI\x0c\xea9\x1d\x95\xbe\x9e\
\xb3\xfch\x00\x05O\xd5\x0d\xb4G\xc9\x00\x00\x8b\x1b,\
\xaaU\xc30\xbaL\xdf#\xb4R\xacl\xa4w\xbbS\
\xba\xf2}INb;\x8ft\xea''LB\xc9\xb0\
2f\xef\x00\xc1?g(\x1f\x8dq\x1e\xe4.\xc0\x1e\
u\x0c\xc4\xa4=L\x08\xd3\xa8\x94\xf3\x0d\xcc\xbc\xe4\x10\
\x83\x0bv\xde\xc4\x85\x99\xd1\xd2rJ,\xea\x0b3\x9f\
\xd1\x98u@\x88\xb7\xe4\x02\x8c\x1b\xfa\x0b\xb6\x19\xeb\x02\
c\xbf\xdcfCl\xb1\x04\xd2\x10&\x84nA\xcb?\
\x8c\x15\xd5\xea\x81`\x11Q\x17\x86\xf6)({vu\
P\x19\xee(\x02\x03\xd3\xd1\x1fa\xfb\xc9\xd0\x0f\xc4\xd9\
\x1b\xae\xa89\xdcM\xbd\xfaD4p\xeaD\xd4\x93\x97\
\x01T\x1c\xae\x86\xf5\x5c2&%.\x5c\x97\x03\xccS\
\x90\x0e\xb8\x98S\x06\x8294\xb70\xcb\xcb=\xe0Z\
\xe4\xf3\xc0q\xfdd\xc0\xa5\xafs`x\xaa\x84\x1d\xce\
\xe6\xfa-\xc1\xa7\xd3\x8e\x90/\x86\x07\xdaw\x1a\xd1{\
\xc1\x89\xdf+_%\xbf4\x824M\xc7y\x81q\x12\
\x8d\xb35\xc3.\xca\xc8\xb1)FC\xb2\x15\xb4\x8b\xe1\
\x18L\x86\xc5%L\x04\x0d\x1b\x13<\xd0\x0f\x90+\xf1\
4\x8b\xe2\xf5\xac,\x8eR\xd8)c\xa6V\xb9\xfd\xa2\
\xc4#y$\xbe\xf4W\xa6x\xbc\xdc\xd0\x9c\xf3@4\
\xec\x86M\xc9\xbeV\xcd;\x1b(\xda^ \xe2Uh\
\x22t\x00\xee\xe8*9 $\xe7\xf2\xc5\xc3\xef|q\
j\x1f\xfe'\xa9\x83)WZ\xd00\x09\xf8\xf0/\xc5\
\xc3\x7f\x91\x91\xa8X\x1b\x8c\xb1\x19\xbf\xe8ex\xf8\x03\
\x15\x85k\xbb\xc4\x05\xf0\xf5\x9a.8\x00Ao\x84g\
\x8d9\x81D\x0e5 \xdb\x9c\x90\xec?\xff\xad\x09\x0b\
wM\x9b7,\xd8\x87\x81\xe14gUHR\x1f,\
\xd7\xbc\x5c`\x08\x1c\x8d\x09\x05\x1c\x00\xe1n\x0482\
\x00\xcc3\xf6\xadZ.\xd5[\xc6\xd3Vi\x9b\xb82\
\x12\xe1\x07\xeb\x0e\xb02\xce\x131\x11\xf5\xe3\x15-\xb2\
\xa1|ch\xf9\x96\x96`v\xe1\x93\xcb-\x98Rx\
\xb2=\x13\xa3\xb7\xc5\x1bR\xbe\x93\x87\xa8&P;C\
\xb5'\xa8\xcf#\x81\x07\x93\x94bl#\x09\xcc\xb3\x80\
>a\xee\xf2\xe8\xd8\x18nP\xb0JgI\xa2I\x82\
#\xc1v\xb8\xcb2\x12W\x1fB\xc6\xe1\x00*f\x9f\
;\xb6j\xa8\xb9\xb7\xb7\x18\x86\xe2\xb5\xfe\xbdN\x0d\x0d\
\x9b\xa1\xe1\x9f9\x06>e\x86J/\xa6s\xda\xeb\xdd\
\xd3\x92\x99\xd2w\xbd\x9f\xb2\xd1uO\x86\x04\x09A\xba\
\xe8\xf6\xf8\xadm\x0d\x13\x07\x1dZ3\xaa?\xcdJ\x0c\
h\xa75\xca\xca,\xee-9}\x0e\xc0`]\x10\xbe\
B\xc0o7\xa0\xfb?\xfc+n\x8b\xa1\x97\xf1m;\
\x9c\x00\xd9h\x84p\xffl\x19\xae5\x0c8wvm\
\x89\xb4w\xf6#\xf4Z\xb0\x01\x1ah\xaeF\xa9v\x5c\
`\x08\xbaX\x1b\x0d+~<\x884\xb2\xb3\xa7\xd8\xd4\
?\x03U\x8c\xb5E\x90Z\xf9\x855M\xc9v\x8e\xf5\
\xde\x04\x193{a\x17\x1eS\xf5\xaf\xe8\xa9[J`\
?BL\xb0'\x84\xf42[\xb2\xa9\xd5\xe2\x0e)Z\
eI\x0fj\x00\x80\x06%\x5c\xd8\xcabr\xec\xba8\
L\xe7O\x1a\xfa\x22\xb8\x7fb2\xe4\xd9\xd5\x12\xed^\
$\xa7!mi\xbbr\x93\xfc\xe9\xe2\x17\xe9,\x15\xa2\
E?\xfcS]\x16\x97\xee\x97?\xfeuM+\xb6\x8e\
\xfe\x12>\xb3\xa5B\xbf\x8b\xf1e\xf30F\xf9\xd1\xf2\
\x826\x02\xed\xb1P\xa4\xbe\xad\x0b\xcb\x1e\xf9\xf9\xe4\x8b\
\xcf\xc7\xc7h\x5c\x94f6\xc1\xd5\x0d\x8a\xcd\xd9DX\
\x9a\xd2\x81vn\xae9\xba\x22\xe1\xaa\x88\xd4\x1cY\xb2\
\x22\xf1\xe7'\x80\xdfki\xf5(n\x91\xb5\xb0\x03d\
\x95\x86!K\xf1LM\xc9\xef\x19\xa7\xe9\xf4c\x8e\xa6\
\xb8*\x0a\xae\xe4&eD]C\x15\xe3\xd2\x88\xa6\xa8\
k\xc7\x1e\xf6\x96^\xc5\xdaV$\xca\x03T4\xaa\x18\
\x0db\xe4\x96V\xfc\x86J\x85\xd2\xaeK\xe8^\x9f4\
R},\xed\x0d\xfd\xa9\x03q\xb3\xe6\xfa0n%\x05\
\x11@7\x00'Tlu\x07\xb4\xf6\xf48\xc9\x8b\x92\
V\xf0va\xeeY\x85+\xdawK\xbf\xda\xb0\x1f\x85\
\xf6\x16w_\xf35K`\x22\x8cW\x86\xd0\x89\xaf\xf4\
\xf7\x1bj\xbf\x95!\xb6\x8e9\x1b\xc0\xdc\xe9\xf6\x18Q\
\x95\xbdDg\xc5\x82v!!\x1eJ\xda\x8an6\x8b\
\xb4L\xe3\x1d/\xdc\xd5UE\x96O.X+\xd2C\
\xd5\xb1H\x9e\xdfUS\xa6\xa1\xba\xaa\xa1\xe1\x12\x17\x0e\
7\xa96rvt\xab\xc6\xad\xdc\x86\xd6ea\xef\x08\
\x80\x18P\xac\x01 \xd8\x9c\x83y34\x84\x07;\x8d\
\xe1F\xc1\x99r\x9b\x8e\xb7-\xd8\x92\x15\xab\x90\x92\xc7\
a\x15\x8a\xd3.\x8e\xe5\xc6\xed\x22\x90`\xd4\x89\xfa\xad\
\xbbg.:\x84\x9d\x04\x84\xdf\xc2}`_&\xb0\x86\
\x0c\xcc\xfa\xc4\xe9\xcep\x80J\x18\xde\xbb\xb0\xacG\xda\
_\xe0\xe6\x843\xb0\x9e\xe2\x8cJKwWlw\xbc\
\xd3\xd5\x99\x8b%\xc8\x0fG'\xbfe\xea\x8f\x04\x01\xed\
\xe2\x9aJ\xb0\x8a\xb8\x00/\xd2\xc1\x8ex\xc4\xa0\x9c,\
A\xbb\x9bz\x98\xcej\x06\xde\xd0SR\xf0\x80.\xd1\
\x9exh\x17[\x5c\xb8\xa8\xec|a\xcb\xb4k\x80\xc2\
n!3\xaa\x00\x5c\xb7\xe5\xc3?\x91\x16\xadH\xff\xc4\
$\xcfp\xe3\x0a\xfeGW\x1d\x06\x86\xb5X\x8f\xb2\x07\
M\xe0\x9e\xdc<]\x0d%\xe6\xbc#\xf86\xb8\x0eU\
\x1a\x13ae\xf9\xa8#T{$1r\x89\xb6\xc3\x15\
\x0fa\xe5Z1\xcb%}7\x9d\xee(\x9dY\xba.\
\xac\xaa\xc0\xabH5\xcf\x9aFn@\x99,\xa3\xf1h\
w5d\xfb\xc2K\xb3\x173\x02\x92\xf2\x9cz\x97/\
\xfc\x15\xcc\x1fp-]\x96xr\x8e\xda\x85_R]\
\xd7W\xfcj\x98\x13\xcfR\xc4\x8f\xaeMg\xf5\x14\x95\
\x8f\x1e\x01\x15$\xef\xcf|aP\xbc6\xac\xc2\xa28\
\xf1\xecek\xcc\x9e\x98reA\x87\xa8\xe8\xc7\xf5~\
\xceZo\xedX\x0d\x00\xe80\x18,l\x0dS{\xf4\
\x96T\xc2&v\xa4\xdaYE\xfa\xe3|\xe2\xe3\x81y\
\xd2\x1d\x0cC}D=w\x00\xe6&|\x02\x135.\
\xf7\xe4^\xc6so\x09\xf8\xa0\xdc\x07\xd0S)\x85\xa4\
\xd1\x18\xa1f\xf5\xb8\x1c\xdd=\xc1\xed\xd1\x01\xd6o|\
\xe2\x164\x1emK\xe8\xb7\x95\x1bR\xf6%\x8f\xder\
\x5ce\xedq%3\xdf\x8e\x122g\xc8A\xed\xe8N\
 \x82c\xce\xa0\x85\xd1\x9fPJ\x9f\x5cV\xeb\x0b\x0c\
Ld\xc3\x87\xd9T>p\x9ee\xe0\x01\x84\x84y^\
\xf8\x883c\x0c\xb8\xb7\xfa\x94\x06\x83\x03\xc7\xc5Dd\
\x97\x07\xb3Us\xc4\xf0\xacl\x1d0\xa3q\xd3\x006\
F~\x1b\xcc\xf8\xf9\xa2\xc6\xddWR\xb3\xf37\xbe!\
#imfr\xe2\xea@K\x0e>\xec\xc0\xa7\xb3R\
\xeb\xa3\x89;\xe3O\x92P\x9cL\x98\x1bc\x8b\xb3I\
fm\x16\xb8\xc5Bqa\xaf\xe9Nv,s\xa0F\
'\xcb\xa7\xcf*<V}\xe6\x1f\xa9\x0f\x99\xea\xec1\
\xe1\xfb\x1ab\xde\xed\xf1\xec\x0fN\xc4\xe3&\x98\x06\xe7\
\x0d\xe8\xa5\xbdk\x15X\xa6\x96\xdf2\xa2\x1b\xafA\x90\
\xe3\xfe\xf6.\xbc\x9d\xa9\xd6kK\x03\x82;\xe03\xf8\
\x0b\x8d\xe1\xeeo\xd4\xfa0I\x0f\xa9\xe6p;\x8ct\
\x88\x81\xe8\x7f\xf8\xefk\xba\xd3Jl\x07\xec\x80V\xd6\
i\xd9\x1c\xd1\x81\xbc\xa38\x9a\x1a\x88g\xed\xb8X\xa3\
\xfe\xf1\x04\x1dL\xf4b\x1e\x9d\x03J\xfb\x8cp%l\
\xa8\xe7\xdf\xd2\xf5n@\xc9\xb9PX\xae\xd9\xcf\xee\xe8\
c\x07hX\xd6\xb5\x11\x82\xde\xb5\x22Y\xeb.>D\
T,\xc4\xea\xe1\x87h\xed\xbd\x9dR\x1b\x13\xecN\xea\
chqIL\xaa\xc1=\xbcML'y\xec\xe4\xb2\
q\xfaD\x07$\xad\xc5\x90`\xf3V\xa9*\xd6[\x13\
*\xc6H\x87ry\xa3gN\x18\xc3\xb8\xaf|N\xb7\
\xef\xf7gA\x9ay\xa3\x80\xb5\xc4x\xb3&\xb4\xb3m\
2p\xee\x91z\x96\xcf\xb5\xc8\xad\xf9\x9d\xab\x8a\x96C\
\xd5\xd9R\x0cg\x86\x0a\x96\xe5\xa7\x82\xb9\x97*\xb5\xa2\
\x07\xb5\x1e\xf7Sp/m\x8f\xdeq\x8c\xbf9\x0b\xf1\
\xbb\xc0\xe0\xe9V\xe6\xfe\xd43\xa0\x0d\xa8\xc5\x8c-Z\
\xcb\xe5\x0f\xd7\xeb9%\x08\xabgd4\x5cO({\
\x9a{F\xf4\x8b\x0e\x15\x9d\xa0\x83\xf5\xa8\x84\x8e\x94\xe1\
q\x94P<\xddr\x9d\xbfC4)\x03LK%q\
\x1b|\xa9\xa8+\x00\xdfp\xe5\x07\xda\x12:\x8a\xea\xf7\
\xec\xa8\xbd\x9b\x1b\xb1\x8e\x88\xc0\xbbh\xd3\xfe\x1b!\xe0\
\xdb\x8d<|\xe5\x22Ng\xc3\xe9\xcc\x8d\xaa\xb2\x93\x0a\
\xaa\x92\x18\x99\x8f1b\xbc\xee2\xb6\x0d\xd1\x88\x22\xb5\
+\x22\x0fUH\x80\xd4\x08b&A\x03\xfao\x0c+\
\x93~\x11\xc3\xd4\xd0\xd3\xab\x00\x9a{^\xeeS\xf5\xb3\
\x9b\x22\xf1\x1dLV\xbc>\xf3\xae\xc6\x00\xdd\xce\xb4\xb6\
\x90\xa7\xae\x03\x87\x136{\x00\xd0\x90`p\xcd\x95p\
\xc6\x8b\x1b\xf8}2\xee\x99\x0atk\xf0\x04\xf3O\x89\
\xc5\xfe\x88V\xc0\xfcft\xcd:\xe5\xb0\xd6\xae\x15:\
T\x01-\x05\xed\x1cU\x92'f!\xec\xf8\x81\xf2\xf1\
\x1e\xd4^z[\x07}\x04s\xf2IW\xcc-\x8e\x91\
ieHb\xc4\x8b\xcdbC\xc4\xc8f\x95\x02\x89\x8d\
\xc46\x0c\xe2\xc2iS\xcf\xca\x80\xc90\xe9\x97\x04\x18\
\xd3\x0f\xd9\xa0\x82r\x1e\xdbQR\xfe\xed8\x11R\xb4\
\xa32\x82\x08*\xc8.\xbc\xa9YZ\xbc\x0b\xb6c7\
\x95\xcd\x9d\xe5\x90\x88\x81\x1c\xa1\xb9\x5c9\xb4JXg\
9\x9c\x15\xb2$\x1e\x1d\x91%G\x85\xec\x15\xb4\x8c\x11\
\x84\xc7h6\xf4_dx\xe1\x91#\x5c\xd3\xe4(\xde\
\x1f\xc7\x5c\xc8\xffN(E#N\xe9<[N\xc8\xb1\
\x11\xa7%Za\xfc:G1/\xc0\x88b\xa7\xd4\x8e\
)\x96k\x82Pl\x9f\x07\xe1\x94\xa9yD\xf3\xf9y\
L\xa9\x12{\x5c\x81\xcf\xe2c.7\x82\xb65\xf8\x06\
\x931\xa7\xcc\xcf\x84U\xe6\xaf1/\xe7\xfd\x11+b\
\xfc\x08\xc7g\xfb1)B\x1f7\x81Fq^N\x98\
\x1f\xe5rrEF\xf8\xa51\xb48%\xa2=\x95\x93\
#\x9b\xec\x9b\xec\xe0\x0b\xe3\x14\xf42\xad\xe80\xd8\x8a\
\xb4i#T\xcaD\x9eq#\x95\xb9\x93\xb6\x03YX\
\xe0%\xae\x19\xf0npi\xe8\xa6\xe7Kc\xd7\x1b\x8b\
\xe7Gx\x8eF\x01\x96 \xf4\x8c<\xcduK\xf0\xe1\
\xca\x171SY\xab\xd5\x94?\xff\xcd\x82\xeez\xbe4\
\x95\xc5\xd8I\xda|\x22\xe1\xf8\x00\x15\x9f\x15\xcf\x9d\x8b\
\xc5\xb1a\x07\x1bB\x85%\xd3\xeb\x11\x9a\x0a\xc4\xf1[\
-\x15\x05~\x80E\xfbw\xb0\xe8\xa2\x97f5i\x0d\
\xad\xba\xa2\xcf\x0fj\xca\x92\x03\x15\xaf\xa2\xb5\xda\x8aw\
\x0c\x04@\xba\xdbE\xb0\x12?(ib\x9a\x1e~n\
\xc1^2\x12\x97\xfd&\xc1r\xebTG\xc8+\x98\xe2\
\xf1\x1a\xfe\xe1f\xe5\xc3\xef\x14\xf2\xd2\xb1\x0d*\x1da\
\x9b\xe21(\xc2\xb6\xd1\x98'\xa6\x95\xf7q\xf2\x22n\
\xc5\xa1(\x80 \x91\xf4\xad\xad\x82\xa7\xc0\xafF\x12F\
B\xd4\x00\xdb\x81\x85\x8c\x9f@R<\x86\xbch\x0cl\
~\xec@\xd7\xde\xb3\x9a\xbc\x9b\xd5\x93KC\xbbb\x0d\
\x0f\x03\x03\x84a\xec\x19\x10(\x1e\xc3W`\x1bP\xb7\
L\x97\xb6\x86\xbef\xbd\x00\xabI\xe930\x16\x03\x1b\
\x0f\xf5\x9a\xbf#\x8cqS\x9c\xfd\xfc\xcf>\xd0\x1f\xfb\
F\x0e\xb3uq\x88[\xff\x14\x8c\x0f\xdf5{\xf95\
7\x9b/\x93\xbf\x97\x02\xf4\xfb\xd0\x86\x09\xc5\xa7\xf88\
\x8f8\x88j\x08\x07\x99\x17\x13\xe7\x01\xba\xd1!!\x9e\
#e\x5c\xa1\x89\x22\xdeZ\xcc\x22aJm\xbdK<\
\x16\x83=<\x9aM\xa4A\x1f~\x97\xb0\x87\x7fa\xf5\
\x98\xb0\x09\x9e\x8d2\xd6k\x9b\x19\xebh`\x1c[\xd6\
\x1fn\xe8\xa8\x04\xeb\x8d\xe4+\xbe\xb4\xa68\xb6lC\
3\x80\x93\x03\xcc].d\xae\xbd\x22\xa52\x9d\x18\xdf\
RlC?\xb7\xad\xcc\x0cLKz\x19\xe8\xb8\xfc\x90\
t\x04\xbb\x10N\xbe\x11\xff2\x1dn\xb1\xe2\xe7\x0e_\
\xda\xb4\xd3\x82+\xbb\x03\x5cy\xe2'\x18\xc3Zu\xe6\
%\xeca~\x9c\x13\xc8\x9f\x1as\xaf\xd8B;\x13\x8b\
\x9f,\x9a\xca\xcaz^\x87cJ\xfdEHk%\xc2\
\x9f9\xd4`\xb3{\x8f6\xb2\xaa\xb6\xfc70\x9eF\
\x8f\xf7\xb0\x5c\x13\xec\x09\xbe\x22\xd8\xc3r=\xb0'b\
\xa0\xcb\xbe\x1d\xcc]\xa9=*O\x9f\xeb\x08nBt\
\xa8T\xc1\x12\xccl\x86\x1e\xd4\x1e\x0eA\xd0G0<\
Y\xafp\xa2\xddV\xae\x1bv\xb8<\xce\xa3\xc3\xcf\x8c\
\xbc\xb0\xe2]\x1a\x08\xaa\xcf\xf7hT\xae!\xf7q\x0d\
\xb8T\xec{\x86\xad]v\xa8\xb2r\xd9\x13Qy\xcb\
7K\x18\x89\x95\xac\x8c\x1a\x95\x0a\x1a\x1d\xd5V7w\
\xb4\x93\xaf\xab\x8f\x02\xfas\xdc\xc2s\xc7\xa5U\xb8\xd7\
z\x0a\x1en\x5c9\xe1\xbe\xc0\x95*-t\xe8\xb24\
\x8e/\xd1\x00\xc6\xe4g\x99v\xb5\x0bK2\xe1\xc1j\
\xb8\x0fS+\x13\xb5v\x84\x97\x88\xe8\x91\x1d<\x91p\
\xb0+\xda\x88\xa5[9\xfa1\xd8\xacZ\x06\x10\x5c\xcf\
}e\xc5\xbe%\xa0<\x9d\x15\x13P\xc8 \xb7\x94\xa9\
T\xea\x17eL~\xf4\x14\xde)q\xee\xb4\xbdt\xc5\
\x13\x12\x1a|\x09\xc6f\x8b\xf6\x0c\x17\xe6\x03\xce\xc5s\
\x8f\xf3\xf9\xb9\x87\x9f\xb9\x94\xecN:\x1e\xb7\x15\xf8\xa1\
^\x03!\x04~\x8fs\xe1\xd1\xc3\xd0\xe6\x8b\x92\x0f\xad\
\x81\x13A\x01\x03#,\xe4\x81x\x9b:\x97|)\xda\
\xdfa\xde\xb9$\xd1\xcc\x97`\xf1\xd6\x8e\xde\xe9\xe1\x9f\
\xc8T\x80y\xb5\xa9\x9e\xc2%\x5c\xb2\x02X\x02\xfc\x1e\
l\x04\xe4h~\xff\x04F\x86\xaci\x92\xa3KW\x17\
\x0745=Bb`\x00&W\xd1/1P\x93\x94\
S\x9e\x03\x8a\x04\xf6Bkv\x895\x03\xaec\x88\xf4\
\xf4\xc0Kj\x10\xfa\x0a\xfe\x07\xca7\xc1V\x9a\xab\x08\
\xe1K\xb2C\x19J\x13\x81\x98\x945\xff\x024\x19\xe2\
k\xbf\xf4\xdc\xf2\xa4[\x9bS\x82)\xa9\xb9$\x94*\
 \x08\x1d\xa5\x04\x954\x09\x00\x12s9\x8a<\xcf\x98\
\x0c\x08\x9e\xb6\xc2{`\x87\x82V\xce\xd6\xe0\x80\x10\xc0\
\xd2\x93m1\x97~\xdd\xb0\xa3s/=&\xc7\x89\x15\
G\xe3\x14\xa6\x9d%\xfd\xf1\x86\x96T\x8f*\xe2Bp\
\xf8\x8d\xb4\xd3\xbd\x12\xb4\x89\xa0\xbe\xdc\x84\x8c\x90\xe7\x80\
\x09\xd97`\x8a;\x0e9u\xb6\x06\x5c\x91\x0f\x80~\
\xaf\xac[\x01\xcenH\xee\x01V:\x1d\xda\xc1\x0c>\
\xf1\xd4\x06\xcc\xb9\x084\x8c1\xb1L\xda\xc1\xca\xd0C\
\x5c\x04\xe4\x5c\x86\x87\xbf]\x81\x01\xfa\xf0\x0f\xb4*X\
\x84J\xdd_\xfe\xf0\xff\xd4\x8b\xe2\xe5\xc3\xdfE\x05>\
\x89\xec\x12\x0d\x8c/\xe5\xf0=\xa0\xd6,_#@M\
)\xa4J0\xb1\x15\xc6\x02\xee\xd5V\xf6:\x0f\xb8\xb0\
9\x82eR7\x01\x9a2\xdf\x11\xf2i\x13,\xfb[\
\x87k\xea!e\x06\xb55_\x93+d;T\xd7\xbd\
v<\xd5\x1bz\x5ch_\x1d\xfe\xce\xb5%\xbf\xfb\x8a\
\xee\xb2\xec\x11a\x99\xd0\xccZX\x04ka*>@\
\x03\xc6\x82\xa8x\xe4\xab5k\xcfx\x0d\xd6\xd7d\xe1\
\xa9\xb5\x81G<.\xd8\xa7rS<\xe1I\xbeP\x97\
\x0e\x82*E\xc1-i>\xd8K\x9a_\x00\x8a\xc9@\
\xe4\xef\xe6T\xe3\xb3\x83\x0f\xd2\x22\xf2d\xaa\xfe\xe6`\
\xbb\xc2,9n\xd9t\xe8\xb9\xbfU\x13\x10\x02\xcd;\
\x17\xce$\xc9~\xa1f\x8ab\x00\xf4\x90\xdc\x0e\xbbc\
\xb4=\xb1c\x96n\x8c\xdd1b\xdf\xe9\x8e\xfa\xceT\
7\xda\xf5\xf8hE\x90\xbd+\xce\xf8\x1c`\xeaz\xc0\
(\xe1C\xfa\x9a\xcc\xc4\x09\x98n\x03\xcf\xe1i\x18\xca\
Dq\x87ho\xd9\x13\xe9Tf\x95\xe9\x0f\x9bU\xb9\
./\xb2J)M\xd31b'\xec\x96\xd0s\xdf\x0d\
\xf4\x81\xe1\x9d\xb3\xc3AT-l\xc5\x8d\xf9\x9eT\xe6\
\xb0\x9eQ\x04G\x22H]\x98\xd9a8\x92\xa8r\xc4\
\xd8\x0c\xd4\xb8%&\xeb$\x1b\xd4.\x9b\xb80\xe4p\
Zn\x9dBQ\xf9\x1e\x09\xdd\x8d)\xce\xdd\xd12\xd9\
\xa4\x02\xe5\xb4\x93F\x8cb\xc4i\x87\x8cL\x96\x0e\xbd\
\x88aD\x8eD\xd4\xb9\xd4\xd5\xc1\xcb\x87?\xd5\x8b\x87\
?\x05Z;\x85\x84\xf8@\x95\xbc\xc8\xd4\xdc\x18\x96}\
\xacB\xc5\x96/zFs\xec\xf4\x14W\xebz8o\
-\x0d\x15\xf8\xdc\xd6\xe3'\x02\xae\xdbn\x01Mv\xa2\
\x81\xfb\x94}\xa1\x1d\xbc\xefW\x14\xbc\xc9\x1ddry\
ka\x0cMr\xe1p\x97w\x93o\xbe\xf8-\x01L\
e\xd6&P7\xeb\x9d\x0b\xb1bH\xd3\x92\x9e\xb9A\
\xeb\x83\xdez\xb3\xb6\xb7\x81e\xa1\xba\xdc\x04~\xfc\xf7\
\xe5=_\xaeH\x00y\xc1{\x06\xbc1K2C\xbd\
\x81\x01\xb5\xa2\x11@\x08\xdd\x1aqX\xe9\x9b9)\x88\
\xa39h\xd6\xef7\x0b\x8c\x97\x11V\xf5\x1b<\xe3\x5c\
9E\xad\xc7\x15bi\xc9n\x977\xcb\xc8<J=\
\x22<\x9coj\x9a\x22\xf1M\xedn\x88\x85\xf3\xa6^\
\xd6\xfe\xb6\xd6\x03\xf3\x06rw\xf4\xce9=\x9f\xac?\
N\x05\xf4\x8d8\xed\xe7t\xaeE\x0dU\xb8\xa2\xf8\xf0\
\x7f\xb6?\xff\xe7\x05\xdf}\xf1\x9d\x99\xc5\xb8\x821g\
\x0dM\xfa\x0a\xc2\xdc\x11\xf1\x06\x00\xcf\xc4\x9e\x04\xbe6\
^;B\x99\xb4\x07\x82\xcfV\x09\x9f\xef\xdd\x95\x95\xaa\
\x88\x07\x00U'f\x7fqpQ|\x95IC\xc6\xf3\
\x9f|\x076\xe7=Fz\x83\x8d\xcf\x93\x1e\x8f8\xa6\
\xde\x00\x13I1\x98Y\x88\xf7\x14j\x8cg\x80\xc3\xc0\
O\x8c\xf46\xc5\xd3\x0af\xb9\x06\xc3V\xe9\xd7\x82j\
-\xba\xff\xb8\xda\xf6\x9d\x85\x81l\xa8\x82\x87\x81\x0e\xa0\
2\xb1\xe5\x08@aBa\x8b\x08\x09\xc4\xc1g9\xc8\
\x8e\x80IX\x0d}\x85\x9e\xa2\x9e`n\x1e\xed\xc0\xe2\
\xc7\x14t\xf1^'\xa5xLdS\x19vg\x16q\
\xff\x1dh\xbd\xaeU\xd2\x91}\xe7,\xdd3\x05@]\
\x1b\xee\xebB\x94\xba{\x00ik\xb3R\xcf4\xf8\xce\
-\xc4\xfdK\x81T\x1e\x0cE\xba\x98\xca\xd2\xa2\xb1a\
\xc9\xfd\xcc\x9d\x95\xa3\xee\x0d\xed(\xf8\xf0\xf0`s\xf9\
\x9b\x03\xe302_\xe0\xf2X\xef\xad%\x05\xe3\x0a\xd3\
.h\xd4\x113\xb2\xb6\xc4\x8au\xc8\x0eG\xed\x9f&\
\xee\xee\x88\xe3\xa4\xbf\x08\xf8\x15Z~M+[\xc6\x14\
\xc3!\xbb\x92\xb9\x80\xbe\x0f\xd2\xe8Z0\xfc\xb6\xd8t\
\xbc\x12\xdb\xee t\xbe\x0e\x90j\xd8\x80\xe7>\x08p\
?~\xd1\xb4\xef\x15\xf8Kz\xa2\xf0\x00\x0fW\xd28\
\xae\x10\xf7\xf8\x13\x7f+\xc1\x033\xb74\xfbTO\xc8\
\xe3\x95zB\x1bhH\xf8\xecOx]_mD\xcb\
j=>\xa1\xae\x96 \xed\x86!\x1dL<\x86\xd0\xb4\
-\x1e\xcf''\x8e\xb8!;\xfcI\xb0\xc4\x9b\xd8\xa1\
)U\xb2@\xbb]Z\x02\xee\xa2\xf66\x12g\x8b)\
\x1d\xfab\x85\xc9\xb5R\xee]\xaf\xd0\x8a\xbf\xb4#T\
\x1d\xae\xa7\xd4\xb8\xb8\x8eS\xbeO\x87+\x99d\x12c\
\x1b\xf1\xe2\xa2N\x83}zX\x90}\xa4\xb0]\x02X\
\x85\x19\x85\xa0\xf6>\x87\xf7{+i\xec\xee\xd6\x1a{\
Pz\x172D\x88\xea\xed\x0e#Xl\xfc\xdc\xc11\
\xa9\xe1j\x92\xf5\x1d\xb9\x82\x96\xd4\x98\xa3h\x9b\xf6\xcf\
\x22t\xbbu`\xd3\xdf:q\xc7`O\x1dc=\x92\
\xed=\xd4\xc7\x97\xca\xc5\xe3\x19u\x95w\xe8\x13\xb3\x90\
\x18\xd1D;\x8c\x9bF\x1d\xca\xc2S;\x90\xfb\x92;\
\xb4\xeb\xcc\x19\xb8\x91\xb8\xae\x8e!\xe7o$&.\x80\
I\x18\xfe\x1d\x01\xfd\xdc\x0b\xb3\xe0;\xdf\x12-\xcc\xdf\
%\xaf\x15\xa8\xa9l\x8b72/\xf1\xa4\xe0\xc0@\xf1\
\xb2\xf1&\xdeS-\xe0\xadY\xd4V\xacA\xbf5e\
\x81\xff1\xc5m\x80\xd3\xf9\xbaT[\x1e(\xa1\x8a\x0c\
D\xda\x8a\xa5\xe1L\xc5\x1f\xf0.?\xb7B\x5c\x10o\
\xc2\x80\x8a9\xf2\xadq\x15\xfdy\x10&\x12`A{\
\xe2\xa6\xe4\xc1Q[L6IS\xb6q\xaa\xc0\x8dY\
\x96\x9ey,\xba\xa5\xc5'\x9e\x85\xfa\x0c\xf0m%\xc1\
\xc8\x8e\xcd\xe8\xe0\x03T\x7f\x1b\x01\xf3\xc5\x96\x0e\x95\x9b\
\x80;\x9c\xad\xb3w\xa0n\x86t\x9cH\xe2\x9d`\xae\
J\xbf5`\x06\xd1\xae\xfc\xd6\xd2\x93\x95\xdeZ\x076\
\x9c\xf8\xa1uMc\xeb)\xd5|\xdf\x96\x06\x9d\x19|\
\xa5\xe4mIR\xf6c\xb1\xf8\xac\xd02x\x00\x15\xaa\
\x0dvqKQ\xb6yX\xae\xba\xf4H\xf1\xe9\xf3\xb8\
\xa2\x07\x05o\x99]sI\x9a\x0a\xbe-\xd6/0\xbf\
\xa4\x9d\x0e\x0fp\xbf\x15\x92\xec\xad#\xb9\xc7\xb0\xd8}\
{\x15l\x04\x8a\x1a\xad\xafh\x8e\xd7\xc4\xf0o\x8fX\
\xe6\xd3#%7\xd3%\x98\x0b\x98\x04\x8aQ\xe6\xb2\x89\
\xb4\x13\xa5\xb4;\xc0\xb7\x86\xbf\xb9U\x06\x8e\x0b\xc9\xd1\
\x141_\xbb\xadpW*\xb3n\xc758\xe5\xa7\xc9\
\xff\xc0\x87\xba\xf7\xbc(Fw\xc2\x98Y\xda\x81dv\
JP\x9f\xf6\x94\xc3\xca\x8aR\xc2\xc5\xde\xe0\x84*m\
\x040\x86\xb4\xb8\xa6TP\xde\x8d\x00\xbee])\xb8\
\xb6\xb5\xf5$\x1d?\x96\xe6\xb9\xf1\xac\xfe6\x86\xca\xb5\
\xecc\x0d\xd8nc\xb0\x10\xde\xdb*\x82\xf9\xfe\xeb\x22\
\xdf%\xbf\xc7\x0c\xd6\xbc\x0c\xc3\xf9\xb8\x14\x04\x08\x0d\xa2\
\xa9~\x8f\xf9\xec\x88\xc5\xf8\xbd#F\x16\x16\xabH\x10\
\x92\x1bH[\xebE\x8cG\x9f\xfd`V\xa64j\x0e\
\xe7\x1f0u\xd7\x01M[\x96\xb0\xcbO\x14ta\x89\
lD\xe8\x03\xab\xd4\x12\xc5\x07\xca\x0b\xfa$\x9b\xea\xa7\
\xffQ\x88`\xe5\x1f\x98\x07\xfd\x07\xbb\x9aR\x8f\xdf\x0f\
\xb6%\x99\xc3\x7fpsC\xd6\xfa\x7f\x80\xee\xc3\xe4\xd6\
\x0f~\xc9R\xaa\xfd\xe0\xd9\xe2\xc2\x0f\xde\xcf\xd8{z\
\x90\x0c\xbcU\x7f\x88\xa4`\xe9[\xbf3S6[\xbe\
3W\xf4[\xff\xfcGs\xf5\xf3\x9f\xcc\x15\xad\xb4(\
M\xa0\x01O\xef0\xce\xbc\xa6\xb5x\xde\xe9\x1ei\x08\
D\xa3s\xde\xb1\x84\xc9X\x06e^\xf4\x96wfm\
\xe8\x19r\xf0\xa0\xe4\x84\x87w\xf4(\x91w\xf3k;\
#[\x0e\xdfY\xbe1\xef\x1d|*.w\x12&4\
\x9dw8A\xd2TR\xefJ[\xb3\xe2\x82\x94\xe1\x0b\
\x96\x91#\x81\x86?\xbe#AwP\x9a_;^\x81\
\xbe\x84\xab\xd8/Hw|\xe7\xea%)\xb2%\xedw\
\xf0\x08t1\xe7\x9d\xf7+\xef\xefe\x83{\x92S\x1e\
\x8a\x81\xbe\xfe\xda\xdd\x98\xebq\xbf~\x17\x97\xf4\xcaq\
\xb5\xa2\xbbg\x7f\xfe\xa3\x80\xde\x814ce\xda\x85b\
\x83i\xc1\xea\xe4\xfa\xa4\xb9\x93\xdfm\xe6\xe9D\xa7\x14\
\xe1\x88\x16\xe7_<\xfe\xb7\xe7\xacX<\x06\xab\xbbi\
\xbb\xf8\xfd\x113\x0dn\xbe\xb0\xdd\xc1R#x\x86\x09\
9@*\xe1\xdcJ\xe0nE\xba\xb8\xb4\xb3\xb2v]\
N \xcaG4\x1a\x16\x14\xed\x13\x95\x8c\xb3\xe7\x8f\xe9\
\x0f\xd15\xae\xdb\xc1>\x86\x93\x91F\x80`\x1b\xfa\xd3\
\xb9Y\xb7F\xfcr\x8b\x16\xad/\x0e\x0e\x05'_w\
\x8b\xe2J\xf6\x1djWcrk\xeb?\xf3\x1e\x84\xa5\
\xcd\xb0g\xc9#\x926@\xe9\xfc\x16\xa5\x15\xae\xa1u\
d\xab\xcc\xc1\x94M\x09\xf4\xe4\x0fv\xcc\x8d\xdd~\xd7\
vO\x9d\x03\xdf%\x0c\xe2-Jk\x1d\x82\xf62\xcb\
W\xe1\xc4\x8dk\x18\xe4\xc24\xc4\xa6\xe4\x9f\xbf\x02Q\
[\xe4/\x94\xe8\x03\xf4\x95\xad[\x95hb%\xde/\
q\x87\xa0\xe2-j\x89\x9f\xc3<d\x1aP\xe3#\xa8\
B\xf21S\x9d!3\xad\xc2\xf4\xbf\xe2\xcd\x8eG\x0d\
\x5c\xb9\xb4\x8dh\x84\x9e^\x14\x8fc\xcan\xe0@\xbd\
{\xbd\xb6\xf2\x05\xe1\xdb\xfbE\xf1\x14\xc3j\xad\xd5\xa8\
\xd3\xed<(\xa8qj\x1cA\xa6\xc8\xa9+~I\xb7\
\x92]\xa6\xae}\xbb\x07\xcd\xb5r\x8d'\x7f\xce\xd8\x0d\
\xd2\x0e\xb1\xb4\x0dm\x0c\xc2\x94|\x83\x0eJ\xb57\x0e\
l\xe66\x03}\x8a\xa6\x8aK\x9e:\x85=\xb7\x0d\xb4\
\xac|\x8b\x81\xc7\xc3x\xf5VN50\xcc\xaa\xb1&\
`&\x0b\xc15\xd9!2\xf0\xea\xe0H$\xbc/\x05\
q\xc3PJ\xbb\x0c\x17\xad*\xdc\x1c\xaa<\xf4\xae\x92\
~\xe5\x1d\xdf\x9d6\xbc\xf7\x12\xa9#\xcc\x82[\xcbJ\
m\xb1G\x92$\x16^\x80\xb7W\x9b\xfb\x8e\xf8J+\
L\xaa\x17$\x9e\x06\xb0r\x07\xfc\xe8\x98\xea#\xc7i\
\x1d\xa2\xcd\x7f\x8f\xa1\xc1\x94\xab=\x05Q+\xab?\xad\
K\x9c\xf5\xba\x85cF\xdd\xd9YT~\xf2\x0c\x1b\xac\
\xe4\xe8\xa9\xa9A\xf8\x07\x05vk<\x83Ky\xa2\xdd\
\xa6\x03\x8a\x9f[S\xb9{\xf5'`\xaa\xe14\xa92\
Z\xffmsb.\xb4\xa2g\x22\x92o\xf3\x8e\xec\x9b\
]\xde\x1f\xe9C{c\xc1\x80Q\xda2\xb1\x99\x0f\x83\
\x5c:\xd4\xb0[+\xe0\x1ch\x06\xc33\xe9?\x86\x0a\
\xfa \xe9\xc9L+wdN\x9c\xf7\xbcQ\x1e\xa8)\
0\xc5\x07\x9eg\x18Z\xef\x02\x93t\xed\xad\xc7\xdc\xae\
\x02\xc2\xac\x13\xe8\xfaV\x88\x03t\xd4\x16\xfbi\x9d:\
\xf1\x0b\xaf3gxvl\xe6gL\xbb\xd9\xa2\xfbn\
\x85l7\xa1R\xbai\xc0\xb0\xab\xb8\xd6\xd3\xa1\x1b\x86\
)\x22c\x00\x8b^^\x85\x1c\xdbj\xd39\xe5\xb5>\
0\xae\xc1\xfb;\xe3r\xddHV\xcb\xf5\x99]\xcd}\
\xef\x9f\xd2\x14\xe0\x11\x99\xead\xb4\xad\x85+9\x16\x17\
-\xd6e\xb6J\xe5\xd1\x8f\xb5\xb7e\x92\xe0\x0d\xed\xaa\
\x8ff\xc8T\x01\xe9\x9f\x7f\xef\x9c\xac\x1dUXo\xb2\
\x8d\xdbu\xee\xee\x11sOp\xe8\x16\xae\xc5\xb5\xc7\xbd\
-\xb2\xff\xeb\xec\xffm'\xcaq\x9aW\xa5\xc1\xb6\xde\
\x11\xb67\xf6\x84=M\xfa\xdc8t?o\xaa\xec;\
\x0f\x09\xb5T.\x05\x13\xed\x7f\xdan*\x11bt\xc4\
\xe3\xd7D\xf7\xedG\xae\x93\xb6\xa4\xeeo\xb7\xae\x8e2\
7\xb2\x1a9=\x83U\xcb\xcc6\xb4\x16.>\xef}\
\xa8\xd7\xb8\xc3\x1du\x92\x8f\xbc\xe0\x99\x99-\xa1\xa5>\
z\xd7\xb3\xd2\xb7\xfb\xc7\xd2\x99o\xda\x9c\x09\x96\xab\xf4\
\xb1\x87\x83/4skS\xe5\xe8}\x1dqt\x97\xec\
\xa4;\xae|\x0d\xad\xf9\xf1\x91:T\xdc\xdf\xfaC\xad\
\x8f\xca\xb9\xb38\x85A\x90m\xd3\xce\xad\x9c\xce/\xd5\
\x95\x0a\xa5\xe6\xc7\xbe\xe4\xb9]\xf9\xf6c\xb2\xb3w?\
|\xb4\x9be\xdc\x14;\x1e\xc4\xe2\xf2\xe3\xc3\xac\x0f\x9c\
\xd0\xebx\xb8|kUp\xaf\x8c\x1f\xaa$\x85\xba3\
\xc32=f[3/\xe9\xfb*\x99\xd6`l\xf1\xfa\
*?\x12\xfa\xba\xaa\xbc\x18\xb8}\x0d\xf1qI\xdc\xd7\
Seh\xcf\x0d\x12i\xdf\xef?\xca~d\xc4\xb0\x8a\
\xfb\x9b\xee\x1cW\x0b\xe3\xc7n\x0a}\xd7\xdd\xed\xe9N\
}\xb5\xec\x10\xe8\xf9m<\x8c\xbcU\xeb\x97\xb4\xab\xa1\
\xef\xa1x\xe2\xfd\xb2\xe8]ybRI5p|\xc2\
=\xa5\x88\xd9\xb2\xca\xe8\x1d8\x5cB\x91\x84\xfa\x8e=\
\xa3[\x5c\x89|\x16\xcc\x0a\x83\x1a\xa0\x13\xaf\x1a\xdda\
\x92\xea\x8d\xf64r*kq\xf5\xac\x18\x1f\x09G\xd9\
>\xc9t\xfb\xaeBf\x02\xec\xc9}?\xdc\x8ar\xb5\
\x17\xa5J\xaa\xf560\xaac\x83\x93\x19\xa3\x5cT\xcb\
\x7f\x18<4\xcb\xd6\xeb\xcal4.V\xeb6\x06\xa5\
{\xf5\xbe2\xee\x84\xea8\xbd/'.#}\xe3\x02\
{\x86\xb8\x1a\xc6JKDV\xf3+\xe8\x15\xd4\x8e\xc4\
X\xaaN\x0f\xd5\xd1N=\xe0\x5c\x9f\x89##!F\
5^y\xd7\xd8\x0c\x07\x96\xfc\x9c=#\xb2\x15\xae \
\xeb\xef\x8f\xf4-\xae\xe9\xed&EJ\xe7\x8d\x07<\x85\
8\xff\xbc\x98\x81=\xf7\xa3\x13g\x1a_K\x18\xccK\
E\x15N\x9c\xd2fx\x0cu\xe6\x9d\xea\xb9e\x9f\xa4\
I\x1e\x7f3[2\xb8\xc9<%\xa6_\x1d\xd2\xd3q\
<\xae\xd7>\xb4\x02\xcf<\x8c\x9dw7\xd6o\xe4\xba\
\xf98i\x0fr\x96#\xf4\x8b\x1aWX\xc4\xc8$u\
^\xf9\x96\xbdy\xbf`;F\xea\xd8\xf4\x8f\xa4Iu\
\x14\xdf\xbc\xac;S\x90\xe1\xfd\x05\xa0t\xc0\x92\x804\
\xa7\xfa\x8e\xd2;QO+]\xa2g\x94\x16\xeb\x99\x9d\
\x0a\xbeQi]\xba\x0e\xb4.G\x06\x16\xb7\xda4)\
\x09;\x7f\xf7\xb6\xd4\xc5bGe\x14\xdcn\xd7\x84&\
\xab\x9f\x80\xe2\x81\xe9~2S\xe2\x96V|\x81\x07i\
\x1f\x94\xd6\xe5\x0e\xfa\xfdLc\xa4\xaax\x9d\xaar\xb2\
\xf5\x0e`\xb2\xc4ln\xda+\xf6\x9c6\x85v\xd4\x8a\
\x8e\x8b\x03\x13\xa0\xc7\xa2\x88g\xcf\xd2`\xd3\xda\x9d\xd1\
\xa9\xb2\xbb\x10\x12B\xb6\x997nZy\xa16o)\
\x1c\x986-i\x0cz\x96\xde\x1d\x0e\x0e\x0b}\xc9\x0f\
\x89\x9d?\x5c0m\xfeg9\xdb\x0b\xa8\xdeU\xd00\
\xf8\xc4l|\xe4\xf7\xe8\xda.\xadA\xe4\x99\xdc\x18\x80\
Z\x83\x9d+\x07\x1e\x920a\xdb\xa0\x82\xfc\xe1\xe0\x0e\
\x13\xfd;\x1e\xee\xbb\xfbN\x81\xc9\x8c\x18\xa8\xb4\x7fU\
\xed\xe0pr\xfe\xfaT}\xfeD\xe8\xfa\xd3\xc1\xd1\x0b\
\xc5qw\x80\xb9\xa6g\xed\xd6\xab\xc49Q\xb9\xcdI\
\xea\x8e\xcc\xbdx\xe9\xecU~a\xb2\xa3\x9fA\xdf\x00\
\xd5\x07c\xda\xaf\xae\x1c\x13\xdc]\x95<\x91Ff\xca\
\x02\xafU\xf1.\x14\xca2jO\xa8#>Q\xba;\
o\xc4Qm} T\x81\xdf\x91/\xf4\x15\x9a\x8e\xd4\
D]\x22\xb2\xcd\xda\x93\x8d\x9b[\xed\xf93]\x01\x94\
\xbd\xb4\xc3A\x1d\xa8\x1d\x89\xb6\xb2\x97\xa1\x02Y+{\
DP\xa9\x0a\x02\x0b\xb5H\xed'c\x8a\xfd(\xcc\xa2\
\xd3\xe6\xc6\xe4\xa6M\x89I\xf3\xd4\x8b\x15\x0eoeF\
\x1ej|\xf6\x16\xd4\x86\xe0\xa7T~\x9c\xbe E?\
\xc9}G?\xd1\xa63\x80\x9f\xf9\x94\x8f\x89\xa1y\xc7\
!\x90\xaa_\x0b\xf0\xb5\xa2\xbb\x1cx3+\x15\x9b+\
-}\xd2E\x83\x04\x89\xbbU\x18\xde'\x222z\x9c\
\x7f\xe8-\x9a\x9bF\xfa\x0a\xe8|\xd0\xa21\x80O\xc9\
\xdet\xfb\xb1c/\xf4^\x9d\xb8K'\x0c\x97\x9e\xc0\
\x15X\xf8\x1d\x98I\x1b\xc1\xea\x17\xd3\xae\xc3\x05\xa1_\
MY9e \xf4K\xb5'\xf9U:\x90-l4\
T4\xfcj\x15\xd1\x85&\x9fmD4\x99.\x82{\
\xa17\xaad\x00\xca\xd6M\xde\x10\x1d\xb9\xbb2pF\
\xf4\x8d*\xa4.\xaau\xc5q\x95\xcc0\xd9U\xc9\xbd\
\xd9\xc0\xa3\xa6+\xbe\xd1\x88\xde\xffr\x1fq\x83\x8dk\
\xea\xf3\xf5G\xdc\x82\x92\xffum\xa7\xb9!\xc6|f\
v\xefV\xfd\xe7\x1a&F\xae\x0c\x10@\x0c\xd4x\xe5\
\x9b\xfb\xc6\x86O\x9a\xfcc\xa3\xb4\xb7\x1c\x8c\xad\xbc<\
b\x05\xc6\xc5l\xe0J*\xa9\x8f\x98-\xa7J\x93\x9e\
V\xe4\xfa@ezI\xc7\xf5]$\xcf\x97F\xb8U\
\xb6\xac\xaa~\x0e\xe4\x8b\xaa\x8aZH\xc7\xae\x02\xcc7\
\xb9+\xef]\xef\xd9\xd6\xd2\xbd>[z\xd8S')\
\x06*\xad\x9e \xd1o:4\xf7)\x066\xa3\xae\xf7\
\xbc\xf6\xa5\x06F\x0d]\x18h\xbd\xb5\x87\x98\x96\xec\xb0\
H\x15\xe2(\xf0if3\x15T{\xbew\xe9\xa3b\
c\xe7\xb8\x15\xdb\xealF\x98u\xb4.\xc8:N\x15\
\xd1\x03%\xe7\xec\x9eAu\x98\x85Z\x0e\x5c\xb7\x09\xf9\
^\xff!*}i\xae\xc9\xbc\xa6.\xc8:.\xed\xb9\
\xc9\x12\x19q\xdb\xd5\xc0\xb4+\x1a\xb1\xca\xbd\xe1J\x7f\
A]\x09\xce\xf5GDQ\xb3\xdb\x13\xdf\x87\xda8\xc6\
gI\xa7\xc9\xc0\xbc\x80\xbf\x16\xda D=\x03\xb4\xcd\
\x8d\x82\xfa\xe1\xd4\x0e\x85\xe9\xf7\xc8(\x0c\xd9\x90Ly\
4&\xc40Wm\x0cD\xdd4\xa6\xf7\xd6_\xaa\xa3\
\xe5\xdb\x80Q\x92k\xa2\x9b.\xc1C\x86\x1e\xc6{w\
\x08\x96\xd2}r\x02a\x87\xef\xe6b\xb5\x86\x0f\x19\xb8\
\xf81\xb3H\xfb\xfe\xcf\xfa\x81\x0f\xbf\xa6\xfe\xde:\xb8\
B\xc5*\xac7\xbc\xbcG8\x02\xa9K\x09 \xd4\x19\
\xac\xc7\x95\xeao\xfb\x8c7\x14\x16\x8a\xebz\xd3%U\
\xc9\xb6r\xe8\xc5!\x1b\x84\x81O\xf7M\x1bW6\x7f\
\x99\x8e\xd6\xc4~\xac\x1b<\xfe\x9b\xbfY\x0c)F\xa1\
\xcb\x829&n\xf8[\xe1\xc2\xc1\x8f\xbd\x04\x7f\xafR\
ZTWO*\xa1T\xdb\xfa*\xa8\xeb'\x03\x99\x99\
=\x12\xad\xc4\x22uL\xce\xa7\xd8\x91\x9a\x81\xd6\x11\x19\
\x0d} 5\x0b\xbc's\x22\xf4f\x8f\x8e\xd5q\x99\
\xcf\x9b\xc8\xb4q\xbc\x91\x84\xf6\xd5;<3\xd5'2\
\xdf\x92\x87\xc1\xdc\x8a\xfer\x93S\xf2n\xb2:\xdaM\
:\xe4\x08\x17K4sq`1u\x94J\xe6u\xbb\
\x9b^\xb1S\xbe\x9a\xe2\x95\xecp\xec\xe8A\xbdO\x0a\
;\xd7\xe0\xbaUo\xd1\xf9(\xd5K\xa5`D\x9d\xe1\
\xabH=\x0c\x03=\x18\xa7<0:\x1f2\x97\xd2\xfd\
F\x89;\xb7\xf3LgP\xd75{*m\xc5\xe6h\
w\xae\xad@\xbb\x15\x08B\xf4\x89D\x99\x1e\xabD\xef\
v\x18n\xd6\x08\xad\x8e\xeb\xda\xe3@\x1f\x180\xb8\xf9\
\xdbmIEn\x8c8m\xcc\xedh}\xd8\x0d\xbc2\
\xc0v\x94>\xc6\xb6|\x1f\xf1wn\x1d\xbafe4\
\xc0\xa8\xa66 )\x9by>e\x8a\xdaR\x19\xdbk\
\xe0_\xd4\xeb\xd8f\x98\x06\xb3\x05e\x9fH7\xd7\x07\
v;H>\xf2^\xaa.3\x90\x99\xf0\xf0-\x7f\x81\
\xb6\xc8,\xbfkAV\xdc\xdb\x8c9\x9f\x7f'ws\
\xbf\xbd\xa5e\x10f3\x89\xf4k\xac\xe2\xca\x91\x0d\xfd\
\xb0i\xb0\xb7h\x8b\x1a\xd0\x7fc\xe7\x19\x96\xf6\x17\x10\
\xca\x08\x8c\xca\xd7\x8b\xa0o\xa4\x10\xd3\xa6SQ\xf9\x85\
ZV\xdc\xb7V\xd5\xb3\xaa\xbe\xdas\xda\xe7=\xc4\x0c\
\xf1\xc5y\xa4='\x1d\xa9\x93[\xbd\xeaH\xfd1:\
N\xfb8\x1ds\xd1\xdau#\xe1Kkf\xa5x\xb0\
\xa6x\x06,\xf1\x0a\x1d>\xbeTw\x18\x1d\x9a\x16\xa3\
6[\xeaf<\xb4+\x9f\xeb\x8e\x89\xd3Z+\x11j\
S\x09\xc1\xd3!\xc5\x8f\xe3\x9d_\xef\xb3\x15Tf\xac\
4\xe4+\xa8\x0c\x8d\x1a\xdeWE\xe5D\x14\xff@\xf4\
\xcb~*wQY\xbb\x95\xc1{jh\x94\xbe\x8a2\
\x90\x9a\xb3m\xc7\xc9x\xc6\x9eS&\x9a\x1d\xa3u\xd0\
\x81\xcct\x8a\xff\xbf\xb1s\xd9n#G\xd2\xf0\xabp\
5\xb3\xd2\xe9\xe5\xcc\xb6}Q\x95\xbb\xa5*\xb7\xe8\xb6\
\x17u\xbcH\x91)1\xcb)&+3)\x9b\xf3F\
\xf3\x1c\xf3b\x03\x04\xee\x88\xff\x07\xbd\xe8.+\xbe`\
2\x89K \x00\x04\x02B\xa1\x95\xf4\x0c\xb8]\x81\xc0\
\xc6$\x08\xb9d\x1e\xb1u\xff\x88\x81a\xf7\x8c\x047\
\x04J\x9b\xf0\xd5\xb5Y\xad\xd6./\xbc\x10\xe5\xe0\xdf\
\x98\xe7H\x06\xebLLJ\xf4\xd5%\x14\xcaD\x07\xf3\
\xfe]\xb93\xf4n\xe8l\xea\xa5\xa5\x92\x8d.\xfc\xb2\
\xab\xac\xca`WK\xb4\xa4<O\x18d\xac!\x07\x0c\
\xad_\x80\xda;H\x08{\x07\x91\xdfK\x18'D\xd8\
\x0b\x8d\x18\xc6tEJj\xcf\xfbJ\xec\xc7zJ\x86\
\x88\x88\x99\xb8>\xaf\x14\x11\x988\x06\x86v\xa8\x12\x83\
\x13\xc4\x1c\x83)b\xc2\xda\x8a$\x84\xccH\xa4\xb8_\
\x04|V\xe1A\x01\xbd\xeb\xab\x88\xc7\x04\xd40\x13\x0e\
\xaa\x00\xd3S\x22\xd2\x9d\x83R\xc8\x82\x04\x10\xeai\x91\
\xc1\xc8\xd9\x88\xff\x05\xa5\x7f\x9d\x87\x13\xfb\x084\x87\x9e\
\xb9\xac\x9fZN\xcdH\xe0v\x0a:_\x18\x22\xe5\xa6\
g\xa8\x81P\xbb\x1c92\xcc\x01\x82\xae\x9a\x93v=\
y\x9dv\xcb3\x13e\x9b4|\xc1L\xcd\x96\x13\xd2\
\xb9\x10\x02\x93\x90R;kE\xa6\xc4\xa9\xf8\xe8\x91j\
\x85,P4\xe3\x8e\x8c\x0cV\x01O$j\xabP`\
v.\xa9\xdc4:\x09\x8dC\xca\x15\xae|\x05\xde\x9f\
J\x18\x9d\x8c\xcf\xa8\x1e\x91\x13K\xa9\x0256\x93/\
g\x18)\x87\x16\xbe\x82\xcd\x02~\xe8_Ze\x93\xe1\
v\xeb\xcd\x15\x7f\xf2\xfb\xae\x0cA\xe1\x04\x03f\xa7f\
\x99?\xf4s\xbbh`\x98{\xc0\x92\x16\x8a|\x14o\
E&j\xf3\x94\xd0\xd5\xefJ\xad\xbd/\x1f\x95\xcd\xb8\
p\xb5\x91\xb5\x8b\xd2\x1dq\x80\xe1\x99A\xc5\xa5,\x00\
nJ\x86\xf56]\xc40\xfa9R\x7f\xb4\x890\x99\
\xd6\xb5[W\xd4j\xf4\xf3\xa8\xd3*\xcc\xa0T\x19\xb2\
\xfa\x89\xa6\xf5\xd8\x9c\xcbG\xc9\x99|\xee\xe7}\xb7(\
\x05=\xdb\xcf\xc4\x9b?\xea\xc3\x87_\xa9f<\x80\x08\
TT\x03BN\xa6?J5=m\xd4j\x0bS\xa4\
^gR\xc9\xf3\xe3R\x0d\x09u<\xb2/\xb2\x87\xbb\
\xd8\x00\x90=\x86\x19\xc1e\x87])#\x7fw~T\
\xb2\xedt\x9e\xd5\x9b,;V\xe7\xcb.\x0b\x9d\xc7i\
Ij%\xdcD\x0b\x1d\x14\x9e\xa2T\xf0\x08_(\x91\
(\xd2\xa4U\x16\xe7\xb4;\xfb\x80+\xea\x13\x07\x15\x0d\
\xc6\xc7\x8bq\x89\x1e\xd9\x8b\x09\x87\xd6XoR\xd8D\
\x9c\xc8\x97\xb5b\xd4wEN\xda\xa2e\xc6)R2\
\xd8\xbfgI\xb6\xe3m\xfe\xa2\x90\xdb\xb9'\xab\x8b\xa2\
AL\xd8\xf9\x11\x0fgF\x0e\xdc=#\xfdh\x8a\xbe\
j\x84V\x8a\xfd\x0b\xc9K\x9d\xfe~/Y\x89+\xab\
\x12\x85\x9b?*\xbf\xffk[M\xe1\xeam\x9b\xb3\x87\
\x00\xd1\x8f\x0f\x8c\x14\xa7\x1eE\x9c\xe4\xe6\xc3\xf1F\xa2\
\x915\x1a\xcai|\x14\xa2\x9c0\x19d/\xee0\xcb\
\xe4\x91k\xc0y\x5cR\xd0-9c\xc0\x16'\xca\xca\
\xcdQ\x10\x0b\x93 \xf16s\x05\xd4\x98\x12G\x81u\
\x896km\xa0\xbeD\xc1\xeb#P~\x8e\x89\x7f\xb5\
g\x92\x08\xb9l\xee>\x9df\xd5\xe7\x9cx\xba\x09\xc9\
\xda\xc0g&\xd3S\xebe\x86\x9c\xc0\x86\x918\xa8\xd6\
\x04A\xf3\xcd\xa0\x9eL\xe7\x14\xfd\xfc\x84\xf9Q\xe2L\
\x89\xd5~\xae\x81<\xc1L\x81\xec\xd9d\x1a[c(\
\xd9b\xbeR#\xed!S\x13\xe3\xda,\xd4\xfa4J\
\x8e`*\xbeLA\xae%!\xcc\xa6V-\x19\xaa\x02\
/\x0b\xb7= \x92%\xc7\xcb\xc6\xa3\xab\xcaL\x016\
@\x8d\xe3w}\xfdY\xc5\xe5\xaa\xa6\x19\x96\xae\xe94\
\xb9\x0c\x22D\xc3\x9f\x08%4\xfc\xab\xf5\x848\x13g\
|\xf8q\xadP\xf8\x0ft#2\x81p\xb2\x0c\xf0\xb5\
\xaf\x8f\x8a\x94\xbf\xd0\x17\xdc\x9a\xcf\xd2&XF\x17\xb6\
\x94\x08+.6@\x0a\xf1\x82\x08\x0d\xf9\xd2S\xa9\x81\
\x07\xccL\x05\x0e\x8b\x19\xb7a\x86\xe5Z_N\x99\xf5\
\xcbT\x889*5\xd4\x00u|\xb6\xd9C\xe8\xe0\xe7\
\xb1L\x15@v0\xc3g\x9b\xfa\xbfj;\xb2B\xba\
\xdf\xd8\x83}.A\x01\x08\xb8\xc8\xb5\x80\x89,(\xdc\
\x1a)T\xd0\xa40W \xbetT!s\xad\xc8I\
'\x91E\xa8\x9e\xd4\xedb,\xf1_@\xb4y\xffq\
\x8b\xc4\xf7\xc3\x5c-S\xbe?\xca/\xef7\xb7\xc3X\
\xad0\xbc\xff\xeb\x8c\x073'\xaf\xdf4\xac?\x13\x17\
 b\xd6\x90\xa3\x02\x1cG\x22E\xfe[\x82\xe6W\xd2\
\xe7>\xf8K,\x10\xc3S\x90\xf7\xcbRn\x19\xbc_\
wub\xd3\xf7\xeb\xe1\xe8ORM\xe3\xf4\x5c\x85@\
\xbe\x7fm\xfd\xe4\xd7\x9e$\x08\x122\xec\xcb\x9arK\
VU]\xa0\x98\xd6\xb4\xb8E\x8f5f*,\xae0\
S\x81\x15\x9ac\xbd[\x9c\xb0\x9ew$t\xe5xK\
\xae\x09\xedc\xc6q\x09G\x05\xd8\x7f\x22ES\xb4\x04\
Q{\x8c\xd4\xde4u\xe8\xe6\xe7\xde\xae\xa7H3\xc0\
z\xa8\xdd&8\xfc\xa0\xa8\x91o\xab\xd2b3\xa3\xa8\
e\xdeP\x061\x1b\xd4\xfdm\xc1:\xedz\xb8\xbeC\
\x9dt[\xd9r\x92\xd6\xd6f\xba\xac\x8f\xabe8\xbe\
\xef\xb5\xe7\x90\xe1%*|\xb6\xd7\xe8\xc0\x03\xa9\xb9\xce\
\xbe\x9f\xda_\x04\x0f\x9d\xddv\xbba\x1c\xd6\x0bi\xa7\
\xb76\xc7\x11lG\xb7\xddr\x90\xa8\x00\x1d\xd6\x14\x10\
HAw\xdb\xf7\xfb\xc7*\xa7\xc6mo\x0fxn>\
}\x1f\xec\xf1\xae\xd7~.V\xe9n\x87~\xdc\xe3\x8e\
\x1c\x91\xee\xc4\x0e\xc1\x81) =\xddu\xe4K\xb5\xdd\
l\x86\x97\x17\xd8:\x0b`\x17P\xe2\xf2\xecW\xa5\xa6\
\xe7\x87\x22v]\x84\x14}\xae\x00\x1bl\xa6\xd1|>\
\xee\x82\xa2\x00\x9b\x84\x05\xb8|F\xb6\xe4e\xd1K\xf7\
\xad~P8{\x0e\x8bo\x1a\xfb\x8b?=\xbfT\xe0\
\x9b>Kz;\x1dk5{\x01\x08hbf\xfa)\
\xe10\xde\xb0H\xa8\xfer2.t\xd5y\xac\xe2\xf7\
i\xdeW\xb2\x97N\xad\x1e[)\xd8\xdf\x05G\x93o\
g\xb7\xd5sqg\xf9\xaasF.'\xd4\xc8\x07\xb7\
\xa8\x00\xe3i\x03\x05!\x08\x09\xe1M\xa4\xc0QE\x04\
\xa6\xdbP `\x04\x08\x08\xb7-\x98\xfc\xea\x97q2\
^Ii.C`\x1a\x8a\xe5\xc8\x98\xee\xfb\x01\x92h\
\x8d\x84QZ\xe7\x8c\x82\x8e\x97(\xecu<\x03gI\
@\xc0@T@^K\x80`D\x0f\x88?\x91\x85 \
\x04\xceN\xb6%\x8eV\x07\x03%kC\x09\xbf\x94+\
\xee\x09\xc0-\xd3\x80\xc9\xc0\x97\xe1zF\x86\xa2A~\
\x99\xed\xddV\xf9\xdf\xd3\xf4R5V+Re:M\
\xaf\xfd\xe3T\xbe\xb8\xbd\xfe\x0fny\xba\x8b\xcf\xe0H\
\xe8\xd1}m\xfe\xbc\x1c\x99X\x8f\xb0-e\xe9[\x7f\
u\xd9\xb3t`\x93\x00xP\x82\x9c\xd3\xf8\xd5\xde\xcd\
\xf6nX\xbe\xa1\xc6f\xe1\x8d@\x942\xc7^\x0be\
\xec\xea\xc1\x00\xfd\x8bsH~[?\x16\x95\xf5\xeb`\
[\x88\xd8i4\xe2\xd8\x08\x1fh\xb3\x04\xa0\xca\x10\x80\
\x8a\xfc\xd7i9\xd9\x0d\x8e\xeaL\xe2\xaf\xd3\xba\xb1v\
|\xed\xec\xfd\xaa}\xf9\xb2\xd3y\xe9\xeb\xdd$'T\
\xa7=?\xec\xcaF\xfca\xdf\x17\xb6\x9b\xc5$\xe5r\
\x14\xc1[p`\xf8\x0b\x8e\x8a0W(\xfaM\xcc\xe8\
\x01\xcf<%\xaa\x0dddu\xaa\x96\x00\xa0\xddtP\
[\xcd \x87\xeb\x18\x0e\x82V\x9a\x00\xfa\x16f\x0e\x1d\
%\xdb\xcb\x1e\xc2\x85r\xc7`\xf9\x0a\x01\xdd\xd5\x01Y\
\x1cz\x19\xd4\x96\xb8PU\x1f\xea[OV\xd6\xfd\xcf\
0\x95'\xab\xeb\xebk\x0bbO\x06+\xb1qT~\
\x94\x02\xb8U\xfc\xe18v\x17[I\xe16\x86\x05\xd2\
\xba\x0aE\x8eB\xba<!\x05nsz\xaeZB\x03\
\xf8<\xe6\x8f3\x93 }b\x8b\x1c\x88\xb1I\x83\x86\
g(\xb6\xfd\xa1jV\xf1\xb6?\xec\x8ed\x1c\x15O\
\x82\xc0\x96e\x98\xacdf\x1a8\x94\xa8PXo\xce\
'\x02\xb1QN\x0a$\xf2,S\xe0\xaf\xe6L\xd0\x9b\
\xaaJ\xcc\x98\xd4\xed\xc8a\xac\x9c\xe2\xaf5\xfc\xa9\xdb\
\xf50;\xbb\xd0\xf1\x5c.5E!\xcc\xd7\xaf\x97\x91\
\x9d\xa4\xf3\x9b8\xcc{.\xb5\x0cx\x99\xfc\xbfq}\
\xda{>\xed\xd2\x00|\xce\xeb\xd0\x7f\xa762*\x00\
\xcb\x16\x19)+\xe8\xc2}\xa0\x0b\x19\xff\xe8\xece\xa9\
\xa0Z<\xd0o\xf0O3_\xab\xbd\xadp\xc3\x1f\xee\
\x16\x91\xa2\xb4'\x19\x94ama\x10\x0cA\x11#\x1f\
 B\xdc\xdc\x0d\x1e\x87\xd2\x9e\xda@\x16\xf8\x03\x0c\xe8\
Y\xf0M`\xb8\xcd8\xaaK\xd7\xcb\xd1\x0c\xc0!0\
\xd9\xba\xebv\xf6\xde\xc6Mu\xcc+\x13W\xfd\xee\xce\
4\xfd\xb3\x1d~pH~\x86\xd5\xd4-2u\xf4!\
#\xb88\x22\x86m;r0\x9a\xdfu\xeb\xa1\x87\xbf\
\xc3\xca\x91?\xae\xa7BNB\xa6\xce\x1e\x02\x07*\x12\
\xf2\xd2BQ5:\x80\xebQ\x18\xfc\x9dB\xc8\x00\xe6\
\xe9\xa7\xcb\x09\xc1\xfe\xb9\xdc\x02\x10\x01\xacA\x01>\x81\
\x80\x066\x0c\x16O\x06\xdd\x14\x02\xfdX4\xb7\xb8\x1b\
\x1e\xe7n\xae\xfa\x96\x15\x1a\xe5\xc95\xbc\xea\xbd\x02\x03\
_\x10\x10*\xb3\xc0\xc8\xe0\x18\xf9C\xaf\xe7\x92\x11f\
\x9bt%\xdf\xf5\xc7E}\xe3\xf3a%2b&\x02\
E?- 0TD\x88\x97Q\x22\xc6\x86\xecn8\
\xe2\xea\x12\xb9\xb6\xdfNn\x13\xfe2\xbb\x90)\xcc+\
#\xb8\x00\x22'\xa1\x84\x85\x061\x99I\x05M\xf43\
\xcc:P\xa6\xc1\x1aK\xa6\xa1\xc7\xc4\x0c#_\xbf\xc0\
\xa8\xb1E\xec\xc2J\x19<?\x1b\xdf_y\xd7\x85\x06\
\x5c\x19\xc94h{\x0e\x1a\xe4\xd1\x8bD\x5c\xd4\xfb\xd6\
_\xa9\xf2\xadM\x09\xf8\x93\xba\xbf\xf46\xae\xf7\xe7t\
\x83\x92^/\x87j\xe0Y\xcf\xe7j\xc2ug\x13\xbb\
\xd8`Vd\x13\x03#cW\xc0\xa8\xd3xD\xebd\
=\xc0\xa6\xb8\x9e\xe7g\xbf\xb0\xb1#\x93\xec;\xbaG\
)\xa4>\xa4~\xe77\xdc\x94ize\xc7\xfa\xee\xdc\
nV\xba\xe5\x84u\xbcBM\xed\xe9yN/6\xb9\
\x8b\xfb]X\xca?\xc4\x0c\x9b\xech-\xe7*\xf6\xef\
n\xda5R,F\xca\xc6\xf2\xc0\xe1\xdb\x04\x08\xf7\x8c\
\x22\xd5?R6\xcekK\xe5\x84\xcb\xee\xd0W\xe2\xa9\
\xfe\x9bYbA\x95\x0d\xb62\xe4\xc1\xe0$\xf8\x22\x86\
v\xd4\x82\x0f\xfb\xbe\xd3B2\xef\x16\xc8l\xaee1\
\x1c\xaf&\xeb\xe5T\x17A\xf5.\xd3\x09\x0e\xfa\xe7\xf5\
0T5t\xb1\x97\xa8\xa7\xe2Z\x00\xac\x0a\xcc\x09a\
[\x11\xc4\x86*\x0fuI\x07\x80L\x88g\xb8\xe9\x09\
D\xbfS\x00-wG\xebT\x1fN\x0c<`\x91\x7f\
\x9c\xfa*\xb7\x81\x93\xc3\x11K\xc8v:\xcdr\x01\xbd\
\x02\xc4\xe4\x09\xa4\x97vf\x98\x94\xad\x18\xc5\xa7~\xae\
/\xb0\xb5\x0b\xca7\xff>\x01\x11\xaeE|\x0dY\x92\
n\xfe\x08\x09\xef\xbf*\x05\xe6\x92E\xa8\x87\x02\x83\xce\
\xee\x17\xb3z\xbe\xefN'\x16\x00\x7f\xdf\xcdfZ]\
\xd5\x7f\x14\x92V\x95s\xf2\x8d\xf3r\xe8F3\x11\x80\
\xf7\xfb\xfa\xec\xed6\x91\xf4P\x9f\xc3\x0al4~N\
\xa7j\xc212`\x04|^\x81\xd4OK\x01\xd1c\
\x97\x07(\x00\xc5\xa3\xdf\xbf\x1f\xe1\xb3\x90\x7f\x96\xe7\xaa\
G;\x8a?\x91\xcb>W\xb9\xf6\x15d{+\xa8\xa0\
\x13D\x8e\xa9\xe3\x1a\x99\x98E\xbb\x16*$h\xb3\xd0\
\xf9<\x1c/r\xac\xfc\x8a\x0a\xc0\xb0\x92d\xf2\xa3=\
\xab\xfb\xfc\xa8')q:o*\xb0\x8e\xe2H\x98\xf5\
\x8e\xc4[\x0d\x95u\xe7\xd6\xd9\xd3D\xd1D!Q\xbc\
 {\x7f\xe5\xbc\xea}\xb7\xda\xf3{\x95\xa8\xaf\xcf\xb4\
\x04\x19\x18\xde#\xa2\x0d\xb9X\xef\xbf\x7f[\xfce\xdc\
\xae\xce_@\xa7\x9f\x9c \xfc\xe9\xa6\xe1u\xacB\x0c\
\x93Co\xc3\xbe\x12\xdbX\x0f0\xa2\xde\xf7\xcf]\xb5\
y|o\xfc\xcc\xb9{\x1c\xc6\xa1+\xc5\xc7\xba\xfe\xfa\
\xd9\xbe\xe8~\xa8\xe7\xef\xf7\xbd\x0d\xf4\x9f^\xca\xb64\
\xec\xe6\xe9t\xa86R\x92\xd4fS+]\xbb\xfb\x0f\
\xef>\x90\xe5$A\xa0\xe4\xac\x186&\x0b\xc0\xc2\x9e\
\xc8\xb1\xeb.\x884.A\x97\xa3\xbd[\xb5Ne+\
\x0c{\xd5\xf7\x12s\xc2\xac\xed\xf0\x03\xed\xe8Y\xf1\xbb\
\xe9\xfb\xb1\x96\xc1\x1fi\xe4\xec\x9b\x7f\xec\xcdC\xd8\xa7\
\x84\xc1\xa6f&\x22\xcaTz\x19=P\x91)\xc0\xa3\
\x0b5\xd73P\xadA03\xc3z\x98\xf3\xa9\x1c\x80\
\xf9\xf4\x04'Gi\xa5\x80h\xa6~\x88\x10;\x0d\x8e\
\xc2\xc5K\xcf\x80\xb9\xe4W\x03zD\xaa\xd0#\x09!\
\x87\x90O\x90\xbd\x02\xf1C=%\x9e\xe6\xfddlH\
\x7f%\xa3\x81\xca!)\x02\x1d\xd9`\xc5j\x0d\xda\xc7\
l\x93\x07;F;K\xe2\x18\x90\x9e\xe4\xe8R\xc9&\
\x95\x81\xc8\x0aO6\x15e%\xac\x93}\xdcO\xaf\xba\
\xd5\xd9\xcc\xd07b\xe7\xb5\xd8]\x03V\x05E\xe4\x08\
\xe5\x5c\x13\xfe\x22\x03\x07H\xe8\x93Q`S\x13\x84\xed\
\xab\xc0\xe8\x98\x82\x8b\x81\xfc\xfbn=\xab\xfas\x04\xcf\
(\x03$\x91z\x01\xeb\x0e\xed\x00<\x1a\xee\x19\xec\xcd\
\x82\xe2\xfd\x5c\x7f\x7fz\xea\x86\x19\xbc\x10\xf6\xd6}\x94\
h\xb5a\x13\xc4\xe3\xd8=N\xe4\x17\x10\xf3\x11\x18H\
\xa2\xdd\x0cI\x0dPeT\xf6\x17\xb6tk\x07\xa48\
\xf6#\xbf\xe3\x05\x16$\x9c\xbe\x91pX/G\x87\x0e\
\x1c\x82\xdb\x19\x0e\xa5y\x1fbjZ%r\xb5\x04\xeb\
\xc4>\xfd<i\x19\xcc\x95\xab!s*\xa3\x1e\xf6(\
\xb2\x93\xa4?\xf1\x14\xe9L\x1a\xc0I\x91\x0b3n\x9c\
\x0fM\x1aMo\xbd\xd0\xd2\xa6\xd1\xe1~d\x0d\xc2\xbb\
K}SG\xb9y\x8d\x18i\xc7\xc4\xae-\xc4\xfc,\
r\xd8\xd4\x06\xdf\xcb\x09zu\xba(\x84!\xe3u\xbe\
H\xb1\x9b\x99(\x98\x1cy\xf8F\xe7II\xa1\xcf$\
GQR\x18YA\xd1\x9c\x13\x19\x059\xfe\x13\xe5\xf6\
\x81\xdd&\xd1:\x0a\x12\x18\xad\x84\xe2\x88;\xf4\xb5\xbd\
\x96k\xa6\xad\xe7\xc4\xd6\xb3@\xba\xaa8\xad\x88\x88\x9f\
\x22G\xac\xc0e]\xec\xec\xd5o\xdd<\xf3\xb3E\x9e\
\xda\xc5u\xb7\x18E\xbe\xf6\xb7\xee\xd5\xc67\x95\xe5\xf8\
[\xff}\xd9u\xd5\xd7I2/\x163\xe7(\x0e\x8b\
k\xa4\x01\xfb\x0d\x8c\x7f\xad\xfdAa`\x85\xd4m\x04\
I\xef\x01\x9fX\xe0G\xce\xc6\xcfL\xb9{K\xf8\xfb\
\xe3\x9f\xf5a|w\xbb\x1dk\xb2\x12}\x00\xdbd\xcc\
pV\x08\xd5@\x1bS\xf5\xc0\x15\x92D\xdfZ\x031\
\x1c\x09<\x18\x7f\xa0\xba\x103\xa3p\xa4N\x1c\xbe}\
\xa4p\xe8K\x18\xf4\xa5\x04\xb1}I\xdc\xf56=#\
\xca4p\xebM\x0at\xa19\xaa\x18\x0b\xf9\x5c9\x0f\
9C\xfeV\xc6Y\xbd\xe7\x1a\xca\x9f\xc9h\xab|\xc6\
<v~!*RF\x90\xc5\x1d)<=\xd2zj\
\xe7J\x1c\x0eV\x04\x16I\xb6\xe9\xfa\x97[\xa0]q\
'\xbf\xb7a\x9e\xfd\xb1\x1e\xab\x02\xfc\xd6\x83g\x11\xc7\
\xc6\xc1\xed\xee0\x8d\x1d\xf8\x14\x9e\x029\x17\x0a\xfa\xde\
\x01\xe1\xe6\x0e.\xfe\xf9}\x1el|\xadi#\x92\x96\
\x19Y\xdb\xa4\xe2\xee\xc9a\x0d\xdek\x815\xae\x8c\xf9\
\xeb0\xea\x09P\xa5Av\xda\xa2\x16\xcfg\x1cU\xb4\
\x03\x9c\x10>\xed\x9dx\xf3@eTC;\x8b\x11\xd6\
\xbb\x8b\x09\x90\x9d\xae\xa4P_\x0f\x11\x09\x09mH\xdc\
\xee,a\xd4Z\x91\xaf\x94X\xa9\xa0\xd5\xd9\x04\xcb\xd9\
p\x94\x87\x88h\xfc\x85\xd7\xaa\x99v\x9a\xc8Uj\xe6\
\x1d.\xba\xb4\x06\xd2\xacR\x9c\x0a+\xc3r\x81.d\
\xdc\xa9J*.,\xfd\xe7\x94\xe8\xa0\x10\xf4\xf2\xe4\xe2\
X\x83\xe4\x97\x89\x0a\xb85\x94\x7f\xad\x07\x9b\x01\xc3\x1e\
\xc8\xf9\x0a\xe4\x12\xf4_m\xd3\xe4h)\x17\x1e\x7f7\
}{\x7f&\x81\xa6\x01\xca\x15\xb3\x10\x90Q\xcac\xb4\
\xc6\x14\x18,q\xcf$\xbb\x07{x\xb8\xd5\x19\xcf]\
\x22e\xe7\xf0\xa3\x02p{\x02\x03F,\xa1\xe6K\xe9\
\xaaM\x04\xae'D\xdczW\xbd\xab\x1e\x08\x18\xe6\x03\
\x22=5a4dhz\xed\x17\xa3Kb\x12\xab\xb6\
Q\x02 =\x09^\x86\x93.\xff\x80?\xd6>\xad_\
\xcb\xc3\x05I\x0a\x83\xf4\xd1\x99\x90 \x0b7\x1a\x84\xbf\
\xbf6\x940\x83\x8d\xc73b]\xa1I\xfe\xd8\x9d|\
\x185jT6\xf6\x15\xb9C\x1f\xdf\xde\xc3\xd0\xe4\x94\
\x03\x13w\xf5\x8c\xe3\x19v\xa6\x80\xbau\x81\x1bIV\
2=\xecIe\xa98\xe9\x9bF\x05\xbc@\xe2n)\
fNv\xa4\xb8\xcb\x05\x8a\x1a\x1b\xba\xfd8\x0a\xe1'\
\x0e]=;\x95&`\xcc\xd3\xee0\xbcV\xee{@\
XH\xde\xd7a8\xd4:fo6\x1e{\xf0Lt\
j3\x10\x7fI\xec\x82\x98n\xde\x01\xa0f\xe3\x19^\
[\x0b\xf4<\x9b\xef\xbah\x02\xda\xb7\xc8\xc1\x14\xda\x03\
\x9d\xd5\xce\x83\xb1W\x99\xd9<\xc1\xe9\xe1\x1dd\xae\xa1\
\xa7\xfat\x9c\x03l\xd9\xc2S\xbd\xe3\xe1\x00\xba\xa6+\
\x10h\xad\x85i+\xeb\xc5zM4\x12\x14\x22\x12\xe0\
:\x9dUZ\x1e\xc7\xb6\xbb\xeex\xc4\x04\xadmz\xa4\
O!z@\x06\x01\x81\x9fXI\xc0\xa8>\x8f\xdcu\
b\xf0s\xf5\xbaq\xb2\xc4\xb2||\xe2\xe5\x0b\xccu\
\x12\xc3\x91 \xc3o.\x9c\xd0\xcd\xe2Z\xcd.\xa6n\
\xae}\x8fS\xbb\xa2P%\x5cS\x0a\xceT4u\xb2\
\xd9\xe0u\xbd\xa6\xc6\xed<I2\xa7\x9f\xd2kj|\
8\xdaY\x18\xb8\xb9G+\xda\xd3\x98M\x15\x99\xd15\
5\xae\xffv\xf9{\xa1*p\x5c\x94\x8f\x1c\xa6\x93O\
>R03DR\x1b/\x0c>Q\x08\x1c\xab\x850\
\xffP \x19\x9b\x1dcK_\x01\xa3,\x98\x9e\xd5\x97\
\x0a\x7f\x1cv\xf55\x82^\x84l\xbf'z\x1d!\x10\
h\xf3\x86uw0\xb3\x85?\x8d!Wvc\x04W\
\x9dYamB\xe4\x0a\xb5M\xfc\x11\x00\x7f\x97\xabY\
K\xe9\xb4\xda\x88\x98\xe9T\xdd\x9en\x83a\x8b=\xde\
\x1a\xce\x17\x16?\x10\xaex\xdc\xd0\x13\xf4Q\x83\x19/\
\xcf\xab\x0f-\xeb\xa6qMK\xc1\xc9X$\x17`\x90\
\x8f\xc2e\x0cGl(\x82\xae\xcf\x88P\xf3\xf57i\
\x80\xa5\xff\xec\x92\x0d\xfc\x19\xf6\xe2\xf9\xb2\x05\x8ez!\
jsS\x07\xfa\x9f\x95\x12\x9b_Uj\xb0\x8bW:\
\xa4 s\x8dFy\xc6m\xaa\xca\x9b\xa8\xb0,\xeaJ\
*\xb2\x96\x16\xf1\xcc\xadVk\xcdE\xae@)\xb6\xcc\
H\xc3\x81g\xcc<\xa0N\xdb\xf4\xdd.\xb8M\xd3\xb8\
(\xf1\xa3\x19\xfa\x0a\xe1\xdc\xdf\xc0%\x02#ou\x14\
\x83\x99\x18/qZt\xed\x90\x08\xbd\xf8\xa5\x00\xa4\xb9\
\x15*\xa0\x85\x94\x1c\xb5\x0f\xab\xa1\xf6J\xdc]36\
,\x04\xacN\xd0{hJB\xfb\x1a\xd4\x9a[*\xec\
\xa7\x17\x1d\x0dNPj%Z\x03Egl\x5c\xa2\xa4\
tA\xc7-UX\xa9g*$\x8e\xc8k1D\xee\
\xc41h\x1c\x8c\xbe=A\xc6U\xa0w\x90\xc5{\x90\
\xb7\x8e\xdc\xcc\xd2m\x22\xd7\xfb+\x8f\x0fz`%\xb7\
\xd6BvG\xa94\x9f2=m\xe2\xfeTC\xc7F\
\xd2/\x15\x87\xa7\x93\xbd\xbc.\x84\xe1\xa5z\xfap\xdc\
\x0d\xa7r\xa1^&{|f,\x14\x988\x91\xd3\xda\
\x19\x8et\x98\xb3L\xbd\xe7q\xe5\xbd~\xa8]\xb8y\
\x02\xc6s\x9en\x90\xd0\x0e\xce\x1bj\xf2\x04\x1b\xc7\xab\
N\xa6NF\xf5(e\xfd\x1c\x0c$^V\xe4C\xcf\
\xfaS\x15]{E\xfd\xaa.S\x80\xc1\xbe\x05w1\
4q0\xbc\xa6H\xf8\x1b\xe3s\x13\x14\xf6\x16\x08\xf6\
\xff\xda\xf3\x12Af\xf6\xaa*Q\xd0\x9b>\xd7\x14\x09\
'Q\xceI\xc1\xed!\x5c}!\x90H\xdc\xff\x93\xae\
\xd8kLl\xbc\xd3C\xcb\x82Y\x89\xeev\x92\xe8\x0b\
~\x87KeJ\x82=\x0b\x1d\xedi\xfd\xc4 \x9bi\
P\xc2\xfb\x9b\x1b.\xebl\xc4\xc5P\x8ac<\x0b\x15\
\x18vS\x0e\xdaj\xb9\xf1\xfa\x90\x9e+\xd4\xa7\x07\xd0\
`\xdf\xfa\xfe\xa4r\xbd4\xaa\xb3\xd1\xb9\x17`\xc6\xa5\
\xe7*X\xae\xc0\xda\xd0_\xf1 \x14\xbe\xfaz\xd01\
\xbd\xe2\x84$\x8c\xa2T3\xees\xf66*\xfb\x97\xf3\
\xb0W\xcb\x17\x09\xab\x13\xa5\x05\xabs$e\xf0n\xe8\
\x16Z\x7f\xed\xde\xe7\xf7\xe0\xe9pze\x1eR\xcc\x99\
\xae\x0cO\xa2\xa6\x02\x052\xc6\xa2ps\x95\xd7~^\
x\x15\xb1\x19\x7f\xa61v\xec\xd9\xd7\xcb\x00\x86\xf2\x14\
\xdc%\xa8\xa6.t\xa6Y\xafX\xe7\xcc-\xe1\x5c-\
K\x98\xe9\xba\xe0rq\x1c\xa3+\xdb>\xbd:\x87-\
\x14\xead\xa0\x19%kh:\x86\xd9\x8b\x88\x19w\xc8\
\x85\xee\x13H\x0d|\x8e\xf1GI!\x0b\xb4\xcb\xc1\xd8\
2\x09N\xf6]\xb7\x19\xaf@\xac\xb3\xa7\xac\x99\x08\xe6\
\xdfK\xcc\xa10b\xc4\x84\xa1\xce'\x80\xf8\x8f\xc2\xe0\
\x8a\xa2gx\xd3#B\x17\xf6\x8d\x9e\xfa\xa2\xd7\x1cs\
P;\xa1av\xf7\xf5\xa7>\xd1\xd2\xba\xfa0\xf8\xb6\
\xba\xcb\xdbh\xd5\xe0\xba0\xda\xf0[\x9c\x02\x5c]\x89\
\x0c6\xcb?\xdd\xf5\xe7r1\xe1\x8c\x19r\x17\x02\xc2\
\xad1P\xeb(\xd0\xc7\xb2\xb6*\x18\xb6UO\x98\x0f\
\xe90n\xca\xc2\xd0R\x8d'd(\x16\x88B\xe0\x02\
\xfbp4m\x84\xfd\x88\x98!\x10\x17\x016\x95\x82`\
\x14c\x80\xa4s\x093F\xf8\xe9\x09\x02fy\x03\x05\
f\xf7O\xd8\x17\xfft\xae\x91\xd8b\x1b\xd4~a&\
\xc2\xe6\x91\x012\xfd\xc4f\x9a\xc5\xc8\x97F\x9b\x09\x1a\
\xec\x01'\xfd&\xd3\x93\x8d\xd9\x05\x83\xef\xf44\xf7\xdd\
^\xe9\x9fp\x9b<\xc1\xddX#\xef\xe7\xf5\x02\x8e\x0d\
}<?\x8e\xb2?\x0an\x12r\xac\xa3\x9e\xa5\xe0\xea\
 \x86\x08\x97\x03R\x15)-\xb4\xcbl\xaaG\x86\xd3\
\xe2\x1d\xfeu\xee\xf6\xb6\xbd\xfb\xcb\xe2^\xc8\x8e\x81\xa8\
MN\xad\xfe|\xb8g\xa2\x9e&\xfc\xeb\xec\xcf\x0al\
\xfe~^\x0f\xd3\x5c\xb3~\x89c\x831\xae\xff\x01\xaf\
K}\xe8\xe4.%hx\x1c{g\x0f\xcb\xeb\x0d%\
\x07\xd1Oq\x04u*G|j#\x1d\x06\xf1\xd0\x9d\
6u\xb6\x9a\x82\xe3\xf5n#~k\xca\xe8qF\x1f\
\x00\xd5\xfe\x90\x16\xbak\xb1\xbb\xe7H\xc9S|\x170\
\xde\x0f\xf1\x82\x90\xbd\x16\xfb\x91\xad\x02\xd0M\xcd\xe5\x1b\
\xf2\x82\x8d\x5cS\x05\xc5\xc6ITd\xed1\x0b\xd6\xa1\
*\xa4\x9dg\x1a\xba\xfff\x10\xd6\x7f\x7f\x83O\xe6\x1b\
\xf0\x09\x84t\x90\xfc\xf9\xe6w\xda\xcc-\xb8\x8cv\x03\
j8;<\x8b\xe7G\x04|\x0e\xf7\xda\x09\xca\xc4\x85\
\x0b\x84\xd7\x82\x88vC\x07.^\x01\x15\xbd\x18\x06\x95\
\xb8\x86\xbd\x86w\xe1\xf8\xca\x05}\x85\xeev\xb5\xb3\xce\
\xc6\xc3\xc0\x02\x16\xe9\x01\xe1K\xc9tA)\xcc\x84\x22\
\xdf,O\xe7\x06:q\x06\xc1\x91 \x90\x0b\x8e*T\
+,\x89\xe0\x0e\x17\x0bZ9S\xd7\xccA\xa4\xe1R\
3\x8c\xf5\xe2CfF\xb4\xcb\x94\xaf\x7f\xc2\xf9v;\
*\xbe\xa6l\x89C\x1b+\xfa5\xcc\x9a\x05\x8eg\xb1\
\x8e/\x95\x08\x5c\x1a\xf8\xd0\xef;\xd0\xff\xf7\xc0\xba\xf9\
\xdc[\xd5C\x9f\xe0\xe57\x0f\xfd\xf3\xd0o\xfc}/\
}M\xec\xac\xa3\xae0'\xe5\xcbx\x0f\xfd\xc1\x0c\xe6\
\x8b\x8d\x1a\xddY\x83\xd6\x1d+7)Sh\x7f^\x1d\
yO\x087R\xb5\xa9\x15VR\xaau\xd9L\xdcz\
\x12{\xbf\x0a\x92v_k\xe1f\x18Vz\x88\xe1\xcf\
1\xfb(0\x13\x11!\x7f\xa9^]\xa2_JL\x88\
\xc3hX\xcd\xc9\xd5\xcf\xfb\x9d_\xb2m\x9a\xd4x\xf5\
 [\xe4I\xa3F\xda'\xa0\x82\x16\x9a\xfd\x05F\xae\
\x1c\x08Xo\xe3G\x82\x0f9\x05|\xdf*\x08\x9ds\
\x8a|\xbd\x8e0(I\xb3p\xd2\xa9[\x5c\xb0\xfe\xdc\
A\x03]\xabw~\xc0#j\xd0\xa8\xdbBC\xaf\xcf\
F\xccc\x94\xd2\xdd\x7fd\xd0\xe0W\x03\x96\xacq0\
\x0b(^\xebkW\xd7J3\xc5r\x1d\xa5a\x86\xdd\
'\xae\xf4/\x99\xebQ\xc6\xab\x80\x84>\x07\x0cW\xf4\
\x12\xc4\xdeu\xa0\xf3\x80\xfb\x87\x9b\x92\xb5\x0b(\xeb\x1c\
\xedra\x8f\xf13\x0f\xfc\xd1+s\x0e\x87q\xff\x0a\
\xf3\x0d\xd2\xee\xf2\xe9\x08\xa3\xec\x95_p\xdaAZ\xf3\
/)\xd0\x89\x9d\x86(\x94pYd\x0ar\xd31m\
\x11/W\xf2\xfc\x95\x1a\xac\xa3\xbc4C\xab\x0a\x8eV\
\xf5r\x05l\xdb_\x9a)\x01sN\xeb\xa1\xdc\x8bq\
\xcb(\x7f\xbc\xf5\xdb\xeb\x9bO\xd3W\x80\xe5?h\xa2\
$\x94\xec\xce;\xca*\xc6%{\xc3%-\x8c4_\
\x0bYk\xf0\xd1\xa5\x8d\xf2'KF\x8e\xdc\xce\xd3\xcb\
&\x1d\xce\xac\xa3\x82\x9c\x92?\xb5\x08\x08\xa9\x91HZ\
\x11gQ\x0f,\xcc;F\x07\xd4\x17\xbd|\x81\xac\xa5\
d\xcev\x9d\x806\x0d\x97\x1bC-\x8eUi\xb7\xf1\
\xa3\xc94\xb4d\x8d\x9f_\xe9\xa9\x99_\xa5@j\xb1\
T\x225R*\xa9ei\xaf\xd1,%6O\xb2\x97\
q\xaa28\xa1\x83\x8e\x99\xb8e\xe1\x92\x12\xf2E\x12\
\x8do\xab4\x86\xea\xfdOf\xda\xe6\xc7/^\x1d\xa7\
\xfe8\xfcUOS\xec\xba\xf14\xccDJ\xbbs\xa6\
@\xbf\xcdk\xb0\xa1%*\x90!\xfb\xd4\xaf\xc6\xfc\x9c\
\xeb\xc7\x920>9\x00\x04\x22\xcf\xd8\xc1 \x91\xa3\xbd\
\xb1\x87^\x95\x11rFZ[\xdc\x91\xb2\xd2\x8b\x98\x8d\
9^\x81\xb4\x1fOYc&\xa3a\x14\x93\xa9M\xe2\
<\xb9~\xa1\xc5\x8c\x97[0<\xeb>\xb3\xc25\xcc\
\xfaffI(n\xc6%0[A\xdff\x93^\xa8\
g\x82\xcb)\x1f\x0e\x97\xf5\xe0\xb7\xbc\xabyD \xb0\
\xb2\x02$U\xe50\xe8\xc7\x1e\xc0\x1at\x0c\x16\xb0C\
\xff\xc4/\x7f7!)\xe9`\x0e\x12\x97\xd7A\xc9@\
\xc6\xe4t\x951\xd7\xe1\xbf\x01\xa7\xba\x7f\x18\x8c\xe9\xde\
u\x1b{\xaf\xa5\xed~O\xc3\xae\x88\xb3}\x98\xba\xbd\
\x1e(\xac\x10\xad\x91\x19\xf9PT\xe5\xb6{9\x8d=\
\xcef\xe8\x19\xd8\xf1\x08\x04\x8f\x85\x9e\xda+\x05\x16 \
gA?\x1e\x13\xbf\xdbS}\x9f\x8b\x00\xea\xfcF\x8a\
\xca}\xdb1\xf7\xcb\x12<\xba\x19\xe2\xf3\x14\xd3Oz\
N\xf2\xf3$\x05\xf2\x05;\xbb\xc2w\xa9Et\x13\xcb\
C\xdd\xa1\xb6v\x97\xee<\xd6\x95\xb3\x1bL\xf3\x1c\x9e\
X\xfeK\x95\x03\xc9e\x14\x91[\xb4\xab3]\x9e\xc0\
\x99u+\x07a`p\x1c\x0cP%zr@\xafw\
\xc4\xc4V=\x10\xb3\xc6D\xb3\xa4\xe4\xa4\xe5\xaa:\xbd\
\x07\xb5\x0f\x1d\xe4l\x1b(\xf0j\x02\x12\xc4p$\x0a\
P\x1bsGp\x9a<\xcf\xe0\x90\xe7\x18=\xd4\xe8\xf0\
\x17k\xccF\xfd\xf3x_\x8bY%Y\xad7\x9c\xdf\
\x88+S\x16\xe4\xb0\xff\xb2\x04\x95\x01x\xff\xb6nH\
s\xdf\x1fa\x87\x11\x80N\xa4{\xa4n\x9dq\xf2\xd3\
\xd8]\x80T\x9d&pr;\xd4\xd6\xaf[\xe74\xf5\
\x09\x05\xdf\x5c\x80\x90U\xa9\x85\xe8\xd9\xe7\xf1T\x9f7\
\xdd\xf6\xbb\x9d\x0b\xc1\xdd\xbc=\x9b\x99\x5c\xb7Tt\x22\
\xee\x8cG\xff>\x0ex9\xde\x06(\xfe\xdf\xff\xae6\
\x89\xdd\xba\xd9\xffg\xbfW\x17\xc2C\xdf5\x0a\x995\
\x89\x9c,\xbfo\x8d\x0d\xb4\x09\xa0\x9b\x0b\xc6^\xa9\x81\
>\xdb\xf4\x83\xf6|\xcb\xb0\xaf\xc6\xf0\x10\xdaV\xaf\xdc\
\xc0\x907\xecB$)\xe9>\x89\x93\x1e\x94\x14\x80\x19\
L0\xe5\x1ba\x0ap\x86\xed\x14V\x1b\x9d\xf1v0\
O\xa8\xce\xcb\xfa\xc9\x92\xcc\xd2t\xd7\x093)R;\
\x9e*\xef&\x11\xf8{[\xd33O\xe9\xbb\xe0\xe6)\
\x08\x95\x9e\x03\xb1\xfd\xb4\xbf\xf4Z;\x13%\xe0\x7fy\
\xe2WW\xf0\xb3\x1bO$\xc1\x89\x9e\xa2i\x97Gd\
\xe6a\xa9\xac\xcd\xd7\x15\xfdZ\xa4\xe1\xd4\x9f\x12~\xa7\
\x07\xbf\xbe\x91m'@Z\xb2\x0e\xe3js\x8c\xdc\x95\
\x1d0\x7f!\xc9\xefZ\xfbY\xe1Hn\xdc\xa1\xc0\x9f\
\xc5\xf5\xe1\x18.\xf22s\x1a\xfc)`Kd\xdb\xaf\
\xf4\x12\xf8\xad\xdc\x0f\xbcC\xbeA\x8f\xbb\xe3\x0a\xb3@\
Y9\x9e\xfcX\x02\xe2\xe4\xb6.\xb5H\xd5>\xaa\xd4\
S.\xeb\x14\xa9t\x8b\xe0Hr\xe8\xcdW\xaa\xeb/\
\xb6\x87i\xa2\xb1\xa7\x06~g\xb6\xc2\x22\xd8v\xec\x06\
g\xbc\xf2\x96\x04|Z%\x9bJQ\xf6\xd6\xc1\x03\x5c\
L2X,\xd9~\xebm\xa6\x85/z\xd8\x15PN\
\xc7\xb7\xdf\x86\xf2\x9d%y\x87\x960G\xdf\xc3yE\
RX\xfa\x8e\xb1\xd2d\xa9\xfb\x0a\xd0|2,p\x87\
\xea\xcc\x93AL\xce\xa9{\xac\x960\xbc\x1c\xa5/\x0b\
\xa8\xbef>\xc8Q\xbfuH\xbb\xdfA\x8e\xfd\xef\xd1\
\xb8\x03\xd5[\x0d\xa7\x9d$\x85Ac\xda\xf4\xb4~\xef\
*\x87\xcb\xcb\xa8\x09\x9f\xc6\x89\xd6\xd3$7\x96\xc0&\
!(^q\xb0h\x16*O#<\xe5\x17BF\xf1\
\x89F39$\xdb\x1f\xfa\x8bL;\x0a\x93\x0c\x0d\x81\
\xcd\x16\xf1\xb0\xd0@rQ\xd0\x86\xc3Ju\xf3\x99\xc8\
\x02\xb8\x00h\xbe'\xb9K\x0a9\xa9\x05a\x9e\xaa(\
\x01C:I\x5c\xd1\x0f\x14\xe3\xee\xd8\xb0\x8e\xe0\xdd\x8b\
9\x1a\xc1\xb0\xaa\xe4\x16\xc6\xdd\xc1\xd8\xa5\xdd\x0a\x10\x08\
{\x8d\x04\xff,zG\x85ch\x95\xc8\x81\x94kl\
A\xf4u\x98\xa7#\xa8c\x03\xd1\xe99GX\xb2\xb1\
@\xc1f\xea\xd6\x07L\xd3\x99\xb9\xe7\xd8\x04\x084\xbd\
\xf4\x8c\xea\x81^[\xe0\x18\xce\x0e\xb4U\x91\xd9n\x15\
\x19\x9c\x88\xf2\x00W\xa7Cp\xe11@$\x84V]\
\xd0\x9bn\xec\xd4\x8c\xc6\x93\xe37\xf0\xc6o\xa6n\xde\
\xa3-3\x87\xc1\x02r\x00b;\x17HH\x1d\x05\x8a\
\x9a\xa1c\xc4\x86\x0a\x04\xc1z\x91|\xd7R04f\
rTB\xd4d\x09\x1c\x9e\x9e\xce\x0b\xfc~8\x90z\
\xb2\xec\x80\xd4\x8c!\xe6\xa7,\xe4\xe7\xc0\xce\x98\x05\xc9\
c\x8f\x8cnb\x04\x02\x93\x06z\x88v\xf2\x1d\xba\x9d\
\xbbg\xd0\xfa-\xb2N\x02\x123'\xc1\xd1\x97\xd3\xec\
/K\x02\x9fu9\xf4/\x1a\xdcwv+\xa5G\xe0\
\x08\x85j\xf2\x16\x00\xb1<\x8e\xba\xec\xd4\xe0\xc5\xfc\x8d\
Q\x1a\xa0\xd4\xa5\x8e@\xaf\xc7\x11\xec\xc4\x07\xf6'i\
L\xec\xa8@\xa0\x0d4\xd8\xb9\x17\xab\xfd\x87\xfe4v\
;V%`\xcd\xbe\x08\x0f\x82\xbf\x02\x1cxr\x80\xac\
\x9a;Vg\xe5\xf0b\x94?Q\xd0\xe3\xb0\xea\x173\
M\xaf\xb7\xe7*\xf7\xb0\xbe\x02e\xfdd\x9d]\xeaB\
\xe2Ce\x1ab\xfdZ\x0ad\xfe\x9dT\xa8\xd9p\x98\
\xfc\x02\x0fi\x8f\xad8\xf1\x9f\xa2\x22\xeb*k\xb8\xa0\
\x0c\xb5(\x0f\xf9UZ\x99\xd6\x95\xefgC\xafmt\
0]\xbcG8\xcb\xfaV\xa2\xa0\x0f\xcc\xe1\x0e\xd4\xf8\
\xdcg5Hz\xa8\x82\xa1\x03\xd0\x99\xf1\x03a~\x9c\
\xc7\x9f\xfby\xd1H\x96\xea\x98Uv\x18m\xb3\x9d\xfa\
\xdd@\xefA\x8a\x14\xbb\x81\x9e\xda\xd6}\xb6Y\x04\xd0\
@\x13u\x8c?0<\x9e\xeb\x16\xe8\xf1{5W\x08\
@\x9f\xe3\xaa\x10\xe9\xcfA\xc9:\xe8\xb3v\xae<\xbe\
\xa7!WA\xe3c7\xaf\x83M]\xc4\xca\x86%F\
J\x1c\xb4\xd7\xc4\xe4\xda\x1b\xea\xa8x=\xbd\xd3p\xea\
{\x16\xe0\xb0=\x0d\xf3\xb0\x9e\xa5RuG8M\xdf\
\xfa\xe3\xe6\x8b\xf9:\xfcf\x7f\x9d\xed\xc4\xf4\x9d$\x97\
~\xdb\xd5\xc7\x81U`\x90\xcb\x22\x80;\xc0\xea\xb3\xcc\
\x03\xd7rm\x04\x1c{X\xfb`+\x0e>\xf6rX\
\x10\x19B_\x01\x8d\xb6\x90;\x9b\xc9\xb2n\xc9,_\
\x82\x07\xd5\x1a\x82\x136\xae\xa2\xf4\x1a\xf4\xca<\xc7\xc9\
\xd0.L\xb7\x0a\x11\x93!Q\xdf\x8f\xb5\xb5\xf7\x1a\xf5\
\xfb\xcd/c\xb7,,6{\xbb\xdam\x82Q\xcd\x1b\
\xd6\xfe$\xadD=\xb3\x9f{\x9aR\xdaS}\xcc6\
\x00\x122\xe8q:`\xb3l\x9el`\xe2\x7f\xfd\xf7\
|J\xe1\x89\x0b\xfc\x88\x8a\x05\xdc\xae\xc3h\xba\x9eK\
\x98Z}f\xaa|E+`\xb6Q\x98^c\x101\
X\x02\xb4\xf2\xb1v9\xadp\xedu/\x9b\xc9A\xb2\
D\xd0\xba\xcb\xda\xdcR\x0dT\xef\xa5;\x82\x1b!\xdf\
n\x0d\x88\xd4t\xd8\x8bU\x0ddn\x1c\xfe\xf2\xd4\x85\
w,\x88\xa8\x80\x04/w+\xe9|s\xc3\xa9\xf1M\
n\xc7\xbf\xe8\xc0'\x7f\xfe\xb0Y\xe6v\x102\x8d\xaa\
za\x09,\xcd&\xe3\x10c\xf3\xe8\x98\xf9\xff\xbe\x1e\
s\x1dRY\xa7\x82\x9cM\x95\x13\x06C]\x80\xa4\xdd\
\x9c\xdd9mha\x85A\xa3(\x04^\x18\x10X\xc8\
\xa5\xac.J\x0c\x0aW\xb2pi\xb5\xf6Oh$r\
\xf0\x1a|b\xb36\xa2\x84\x13Ts\x14G\x98E\x16\
\xf8\xa5\xbau\xca\x88\x8f|\xcf\x03\xac%:\x11\xbez\
+\x83\xb0\x04\xcf\x8f \xb1i\xf8\x95z{;\x07\x9b\
?\xdc\x84\xe2+\xd2`\x96&\xc3`:\x92Sdq\
2\xce.\x94\xcdu\xe0Hr\xed\x98\x09\xa9\xe2(\xb5\
\xc91\xfd\x9dc6\x1a\x1e\xdfW\xb4=\xcf\xb3\x9b\xe6\
W^A\x90\xeb\xa1\xfb\xf2\xe2\x938\xb0\x9a\xbf\x1cw\
c\xf7:\xf43\xf3\xc6A\x9e\xed \x83\x9ey\xba\xa9\
\x1e\x97v\xc6aI^\xcc \x8eB7=\xc0\xcf\x14\
D\xb6=>uc\xcf\x9b\xbe\xa7h\x94\xaa\x93hJ\
\xc5\xc0\x0bF<\xd1\xa7\xbb\x05\xbc\x99~(\x99\x9d\xdc\
ts\x1dD.\xe8]?v\x97E\x89\xdf\xef\x0e\x93\
\x16\xaa\x96\xea\xc4zz#r\xb0<\xe5\xe5x\xbdI\
\xe0\xef' \xd2\xabI\x02\xc8\xf8+\x8c\xdd\x8d\xe8\xa1\
\x1c\xbd\x9f\x11\xd1\xfb'\x01\xa0Utan\xf6\xad\x1f\
\xb6=\xd9\xdc)u\xfb8\xd1\x8b\x93\x8a\xbe\xa8\xc0\xe7\
\xce\x8cz\xf4\x05\xabo_\xd7I\xddA\xf3\xa97\x15\
\xd2\xcf\x7f{o\x04\xaa<\x9du\x97\xf9V\xcc\xf8T\
\xbf^\xa6\xa3\x8cK\x06\xebo\x8d\x00v\xf9\x82\xeb\xab\
\x88\x13f\x89(s\x0d\xe4\x19\xe4\x1cw\xca\xa4P\xcd\
\xd7\x12\xd1\x16\x22c\xa87G\x0a:Mb\xc0\xbc$\
J\xa2ms\x05\xe5\x03\xe4\xb0\x9e\x9f$\xa6\x1c\xfe\x84\
`g\x8b\x14\x87\x0c\x14\x5c\xd9\xd8D\xf9NU\xd2\xf1\
\x11\xb8\xad\x06\xa6\xc6\x9d\x0c\xd5S\xfb\x0c\xc11\xb1\xe0\
\xb5\xe7\x83]\x9e$e\xc9H>\xd9\x1d\xd5n!v\
\xde@\x17,\x0d&\x08\x16\xfa\x81\x1dO\x9a\xed~k\
\xfd7\x99\xdby\x04~\xf2\x0f\x92\x9aMH\xe9-\x89\
\x08\xcc\xe1\xbc\x1c/\xe7\x0aD=\x06\xee\x15\x8bX\x1f\
[\x17\xf1\xc7\xce\xce\xe5\xe7n\xe9\xf5G\x98\xf5\xf7\x0c\
\xaeg\x09\x84&\xd4\x01`\x93-\x80\x9b\xe7\x8e\x10K\
n\x19\x9d\xa7%:\xc27<\xcb\xcd\xbd>\xcc\xbf\x80\
\x87n\xd8HZ\x1a%\xbd\x1d\xcf\x95\xe1<\xf4\xddJ\
B\xc2\x0d\xb3{mlk\xdc\xe2R0\xdc\xac\x8b\x92\
\xfcO%YG-P\xa3\x81\x08\xc9VB\x80\xba\xb5\
\x09\x00-J\xe4\xe8D\xad#l\xd7\xcd\xd1\xbb~\xd5\
{\xea\x0e\xe1\x0a\x17d\xaf\xa7z\xeav\xfa\xa7\x96\xdf\
?i\xf3kE\xf5\xb7M/\x1b\xfb?8\x10L/\
7\x9cU\xbbB\x9f\xa6\x13X\xf7\xfad\x1c\x13\x92\x9b\
Z\x10\x1a@\xdc\xb1\x1f\x1c\x80\xd3<\x13\xf4\xa9\xb5K\
\xf4)\xdf \xd2\x80\x05\xd4\x04\xbav\xc3\x08\x00,\x1a\
!\xc6\x9e\xd4E\x1d\xf6n\xb4P\x0f\x87\x22\xfe}\xde\
\xa3G\xe3Pc\xc7p\xbb\xf1(\xc5J\x03\xa3,:\
\xa0\x1dY\xb9\x9a\xc3\xa2\xf5\x86 #\xa6=P\xfc \
l%f\xbb\xb4Z\x8b\x8eK\xb7\x8e\xe6\xe9\xf9,O\
\xff`b\xf8r@_4SQo\x9b14\xed\xf0\
\xbes\xe3\xd1\x96\xb6>I\x9a\x94\x83\xc4\x87\xf0xF\
\xf5\xa4\xe7\xd5N\x88\xa2~\xc3\x90\x80\x9f3R\xfdv\
a\x8e]#\xc9z\xae\xd1\xf8u\xa3]\x09\xc6\xdfo\
\x9d\xa6+\x84:\xdeNk\x19\xc0\xc7/\x9b\xb7\xdd\xbc\
\x87B5\xa6D\x00F\x08\xcbT<%\x0e_\xd2\x09\
\x1c\xad\xad\xaf\xfffc\xe6\xe5\x04G(+\xde\xea\xdb\
\x0c\xe1(\x82/>4b-\x01\xc6\xfe\xdf\xf6\x8c\xfa\
\xb2S\x97\x81\xfe{\xde\x9fe\x17l\x00\x9f\xd9\x86\xd1\
\x93v\xe6L\x05\xbb\xa4|^\xfayx\xa4\x1bdr\
.\xa5\xbd!\xffy\xd8\xf7\xe1\x8e\xd5\xd2*\x06\xb2j\
!n\xe6\x8e!w\xdc\x11\xed\x95z9\xb0\x06\x8e\x84\
2\xd1\xf7\xfc9.\x97\xcd\x83\x97\xe6?T\xb6t\xc0\
'\xc2\x1a\xd6\x82>T\xaf\x1ay)\x9c\xb8\x08\xd3m\
\xe0\xf3p\xbc\x8c\xb4\xfa\x1d}7,\xdf\x16-\xa6\x86\
\xfe\xf30\x19\xdf\x15\x19ZO\xf4\xec\xf4\xf30\xbb\xfd\
\xde3K\x9a\xfayX\xc8e\x10\x9e`\x03f\xa0<\
w\xf7\xd7yp\xa6fAx^\x91\xd8\xb83/\xe7\
\xa3O\x90\x0b\xb9\xf2h\x12\x81\x0d\xd1C\xd2)\x84j\
3\x12\x00\xda\xbf\xf0\x0c\xac\x8e\x06\xe2c\x0cP\x8c\x9f\
W\xb9\xef\xf7C\x07\xe4\xa4\xc7;\x88\xf2\x918T\x96\
\xe4?\x8a\xbf&\xb7F\x14]H<ry5hj\
\xc3\xbd\xf2UHJ\x10C\xff3@][\x13_9\
\x8a\x0c\xec\x995/\xb7w\x10\x9a\x9biG\xeajb\
\x0bB\x8e\xe8\x1d\x8e\xfcj\x1c\xf4\x89\xab\xa9\xc2\x9c\x1a\
\x0c\x91s\x88Ln#\xac\xd7K\x1c \xc6\xc71\xe0\
\xb8\x06\x82\x86\xe4\xcf\x93\x1c\xdb:\xa8\xa5n\x07@G\
\x119,_\x01\xa0|\xbft\xe3\xb7\xc1\xcc\xeb\xe4?\
%\x98\xf7\xf3\xf4\x08e\xb8\xd5F\x8a\xdbS\x86a\xb3\
\x89\x5c\xff\xae/6\xe8kg\xaf\xfa\xb6\x96\xea{\xb5\
\xdd\xf6\xa53\x03\xa4\xf6\xc2\xbe\xf4\x8f\xe8Q\xc334\
\x05F^\x94\xfd\x97i\xda\xef\xca5\x99\x10q\x03\xd6\
\x00\x0dZ\x0e\xc3\x09\x9c~\xb0\xdb\xd1k\x7f\xbc\x91\xa4\
\xbb\x92\x84\xfb\xeb\xff\x03Y\xf0\x5c\xfe\
"

qt_resource_name = b"\
\x00\x08\
\x0c\xa6\xc7\x95\
\x00r\
\x00e\x00s\x00o\x00u\x00r\x00c\x00e\
\x00\x12\
\x00\xcd8\xb4\
\x00r\
\x00o\x00l\x00e\x00c\x00a\x00t\x00e\x00g\x00o\x00r\x00i\x00e\x00s\x00.\x00t\x00x\
\x00t\
"

qt_resource_struct = b"\
\x00\x00\x00\x00\x00\x02\x00\x00\x00\x01\x00\x00\x00\x01\
\x00\x00\x00\x00\x00\x00\x00\x00\
\x00\x00\x00\x00\x00\x02\x00\x00\x00\x01\x00\x00\x00\x02\
\x00\x00\x00\x00\x00\x00\x00\x00\
\x00\x00\x00\x16\x00\x01\x00\x00\x00\x01\x00\x00\x00\x00\
\x00\x00\x01\x95)\x8d\x8b\xb4\
"

def qInitResources():
    QtCore.qRegisterResourceData(0x03, qt_resource_struct, qt_resource_name, qt_resource_data)

def qCleanupResources():
    QtCore.qUnregisterResourceData(0x03, qt_resource_struct, qt_resource_name, qt_resource_data)

qInitResources()
